event_id,shot_id,source_folder,filename,weapon,distance_m,material,outcome,eigene,sensor_position,trigger_repeat,variant,s0,s1,s2,s3,s4,s5,s6,s7,s8,s9,s10,s11,s12,s13,s14,s15,s16,s17,s18,s19,s20,s21,s22,s23,s24,s25,s26,s27,s28,s29,s30,s31,s32,s33,s34,s35,s36,s37,s38,s39,s40,s41,s42,s43,s44,s45,s46,s47,s48,s49,s50,s51,s52,s53,s54,s55,s56,s57,s58,s59,s60,s61,s62,s63,s64,s65,s66,s67,s68,s69,s70,s71,s72,s73,s74,s75,s76,s77,s78,s79,s80,s81,s82,s83,s84,s85,s86,s87,s88,s89,s90,s91,s92,s93,s94,s95,s96,s97,s98,s99,s100,s101,s102,s103,s104,s105,s106,s107,s108,s109,s110,s111,s112,s113,s114,s115,s116,s117,s118,s119,s120,s121,s122,s123,s124,s125,s126,s127,s128,s129,s130,s131,s132,s133,s134,s135,s136,s137,s138,s139,s140,s141,s142,s143,s144,s145,s146,s147,s148,s149,s150,s151,s152,s153,s154,s155,s156,s157,s158,s159,s160,s161,s162,s163,s164,s165,s166,s167,s168,s169,s170,s171,s172,s173,s174,s175,s176,s177,s178,s179,s180,s181,s182,s183,s184,s185,s186,s187,s188,s189,s190,s191,s192,s193,s194,s195,s196,s197,s198,s199,s200,s201,s202,s203,s204,s205,s206,s207,s208,s209,s210,s211,s212,s213,s214,s215,s216,s217,s218,s219,s220,s221,s222,s223,s224,s225,s226,s227,s228,s229,s230,s231,s232,s233,s234,s235,s236,s237,s238,s239,s240,s241,s242,s243,s244,s245,s246,s247,s248,s249,s250,s251,s252,s253,s254,s255,s256,s257,s258,s259,s260,s261,s262,s263,s264,s265,s266,s267,s268,s269,s270,s271,s272,s273,s274,s275,s276,s277,s278,s279,s280,s281,s282,s283,s284,s285,s286,s287,s288,s289,s290,s291,s292,s293,s294,s295,s296,s297,s298,s299,s300,s301,s302,s303,s304,s305,s306,s307,s308,s309,s310,s311,s312,s313,s314,s315,s316,s317,s318,s319,s320,s321,s322,s323,s324,s325,s326,s327,s328,s329,s330,s331,s332,s333,s334,s335,s336,s337,s338,s339,s340,s341,s342,s343,s344,s345,s346,s347,s348,s349,s350,s351,s352,s353,s354,s355,s356,s357,s358,s359,s360,s361,s362,s363,s364,s365,s366,s367,s368,s369,s370,s371,s372,s373,s374,s375,s376,s377,s378,s379,s380,s381,s382,s383,s384,s385,s386,s387,s388,s389,s390,s391,s392,s393,s394,s395,s396,s397,s398,s399,s400,s401,s402,s403,s404,s405,s406,s407,s408,s409,s410,s411,s412,s413,s414,s415,s416,s417,s418,s419,s420,s421,s422,s423,s424,s425,s426,s427,s428,s429,s430,s431,s432,s433,s434,s435,s436,s437,s438,s439,s440,s441,s442,s443,s444,s445,s446,s447,s448,s449,s450,s451,s452,s453,s454,s455,s456,s457,s458,s459,s460,s461,s462,s463,s464,s465,s466,s467,s468,s469,s470,s471,s472,s473,s474,s475,s476,s477,s478,s479,s480,s481,s482,s483,s484,s485,s486,s487,s488,s489,s490,s491,s492,s493,s494,s495,s496,s497,s498,s499,s500,s501,s502,s503,s504,s505,s506,s507,s508,s509,s510,s511
1,001,001_p8 10m Holz eigene,mitte1.txt,P8,10.0,Holz,Treffer,True,mitte,1.0,,163,180,152,143,123,132,150,156,149,134,122,138,134,155,160,151,144,137,126,96,111,118,134,134,131,126,150,150,137,110,103,131,146,158,140,129,118,129,110,110,111,127,139,146,131,121,125,129,135,113,103,105,106,122,123,113,116,138,150,155,129,105,91,94,101,110,114,118,130,122,115,113,106,100,92,105,124,142,148,148,137,141,148,147,129,126,120,123,134,146,146,142,143,140,136,136,144,135,111,95,89,83,87,88,94,110,129,139,123,101,87,87,97,118,154,173,186,181,165,156,165,174,175,158,138,129,130,131,115,98,106,125,142,151,164,153,139,128,122,113,94,87,78,66,50,48,47,57,70,84,99,108,120,130,148,158,173,192,208,219,225,224,217,212,214,226,223,210,186,167,146,135,134,140,140,143,147,147,136,124,113,106,111,123,134,145,149,150,148,149,155,157,153,145,135,128,123,120,112,99,93,92,89,80,67,57,48,41,39,41,41,47,59,69,80,86,90,89,89,90,93,97,97,106,118,130,136,138,137,132,127,124,128,137,146,153,159,169,178,188,200,211,227,243,245,245,245,245,245,229,213,196,181,168,153,141,134,135,138,136,133,130,124,120,114,108,100,92,88,91,102,114,126,139,148,153,150,141,127,110,95,83,74,68,69,68,66,65,69,78,93,107,114,114,109,101,90,78,65,55,55,58,63,72,77,84,86,83,76,74,77,82,83,87,91,99,109,123,136,148,155,161,162,167,174,183,191,195,195,194,193,193,197,207,219,228,236,243,244,244,244,238,226,212,203,197,193,187,184,180,178,180,182,181,175,168,161,156,155,155,153,149,147,145,144,144,140,133,124,114,106,101,98,86,76,60,46,38,37,37,37,37,37,38,38,39,40,39,41,42,47,56,65,74,86,98,108,122,136,150,162,170,176,180,184,185,184,179,172,161,152,147,149,156,164,173,182,193,199,202,198,190,180,168,160,151,143,131,119,110,103,101,101,100,95,91,80,67,54,45,40,38,40,41,48,56,67,78,89,98,105,110,116,119,121,117,111,106,101,100,101,103,107,112,116,122,126,130,134,139,144,150,159,167,172,174,177,179,184,190,195,196,194,187,183,178,168,157,147,136,129,123,118,111,104,96,89,89,88,89,91,93,96,97,103,110,116,120,124,127,131,97
2,001,001_p8 10m Holz eigene,mitte2.txt,P8,10.0,Holz,Treffer,True,mitte,2.0,,170,174,149,126,129,130,148,141,129,139,142,146,147,140,124,128,112,126,130,139,132,123,107,111,128,133,147,129,124,130,125,130,145,150,136,126,109,106,104,107,110,116,129,132,128,123,118,110,125,123,115,119,127,133,132,118,112,136,146,149,136,119,99,87,102,95,114,122,142,142,131,125,117,121,128,141,150,152,150,143,130,120,111,104,103,114,124,131,143,155,166,168,160,158,153,145,134,113,94,101,120,126,128,117,95,77,64,60,69,89,112,129,140,140,135,127,126,120,114,120,141,162,177,182,173,160,156,164,166,167,164,159,145,133,120,98,76,67,61,62,67,74,85,99,105,110,110,115,122,126,132,141,150,153,153,149,147,155,173,181,177,173,178,183,186,184,178,174,179,184,185,188,187,180,178,177,174,173,174,167,152,135,124,117,116,121,123,124,123,120,119,116,103,88,75,67,60,56,57,58,61,65,67,70,69,58,41,38,39,39,42,59,82,104,120,130,133,130,122,120,126,142,156,168,175,180,182,184,182,181,180,184,188,196,199,202,200,197,194,185,180,181,183,187,189,193,196,197,193,185,175,162,144,125,107,93,90,94,101,104,105,107,106,102,95,88,81,81,84,87,88,85,84,79,76,76,86,104,118,130,138,140,137,128,118,114,109,109,108,108,109,110,114,117,120,124,132,140,148,155,163,169,171,171,169,168,169,170,169,165,161,156,151,143,131,116,101,89,78,72,68,74,83,96,109,124,134,143,152,156,159,159,154,143,133,125,123,123,123,126,130,133,136,137,138,139,140,141,143,144,143,146,146,148,152,156,161,164,167,168,164,161,155,148,142,134,127,122,119,122,127,133,137,137,134,132,127,123,120,115,112,106,101,96,90,90,92,99,107,119,131,138,144,146,145,140,136,131,130,130,131,133,136,137,138,141,142,142,140,136,129,122,114,106,96,85,79,72,66,65,67,73,80,88,95,102,103,103,101,102,105,109,115,122,126,134,140,146,151,152,148,142,132,119,107,95,87,79,73,69,68,70,75,80,85,94,103,114,124,134,140,142,141,138,134,131,127,123,118,115,113,111,109,105,100,92,90,88,89,93,98,104,113,123,133,146,156,170,182,195,205,214,220,225,228,231,231,229,225,222,218,211,204,194,186,181,176,169,163,159,158,194
3,001,001_p8 10m Holz eigene,oben1.txt,P8,10.0,Holz,Treffer,True,oben,1.0,,153,146,154,144,133,151,146,136,130,142,141,158,157,145,143,145,138,146,160,152,150,148,131,121,125,129,135,132,120,129,148,150,143,147,150,151,130,101,116,109,117,132,131,133,129,120,118,119,123,99,97,109,141,148,150,119,90,87,95,117,121,117,121,123,136,129,112,90,88,93,105,119,124,124,122,121,136,150,159,146,124,103,101,123,143,149,141,144,149,148,127,103,99,110,129,146,148,141,140,131,121,110,100,104,112,120,116,116,112,111,114,112,105,94,83,70,71,88,111,127,125,116,122,136,134,118,91,78,86,109,124,133,132,120,105,102,112,119,130,131,129,125,123,111,98,81,82,104,128,140,139,143,159,181,200,202,196,176,164,158,162,157,150,137,127,124,125,125,119,100,82,75,78,87,104,123,156,188,209,209,201,193,192,191,191,190,192,192,195,196,194,190,191,187,179,175,179,182,178,155,126,98,77,63,58,51,50,52,55,59,67,81,100,120,135,145,150,154,156,161,172,192,216,242,245,245,240,207,186,176,179,190,191,180,165,155,145,135,130,128,125,120,111,101,86,72,58,54,50,43,40,37,38,40,39,44,46,50,53,60,65,71,85,104,124,146,164,181,196,203,207,207,208,211,218,220,214,200,178,159,142,131,131,139,148,149,143,135,129,122,119,118,117,114,108,100,90,89,93,95,88,73,65,61,60,57,52,51,54,62,72,80,89,97,101,102,103,108,113,114,112,111,119,131,146,157,167,179,197,219,237,245,245,245,244,245,234,228,226,225,223,220,212,203,192,174,156,135,120,107,98,91,88,85,84,79,75,67,60,58,53,47,43,41,41,40,37,39,39,39,38,41,47,60,73,87,105,117,129,136,139,139,136,131,127,123,121,118,117,115,112,108,105,104,105,111,120,131,143,153,158,159,155,152,150,151,150,149,146,143,142,139,135,131,126,127,131,138,146,153,158,163,166,169,169,172,174,175,177,177,179,182,185,188,194,200,206,211,213,214,217,218,224,229,240,243,244,245,245,245,244,245,235,220,204,189,172,157,142,129,117,110,104,101,103,107,109,112,111,114,113,114,111,106,101,98,95,96,92,91,87,81,72,65,57,49,41,38,38,38,37,37,37,37,37,36,36,36,36,37,38,37,38,38,38,39,41,51,64,73,83,38
4,001,001_p8 10m Holz eigene,oben2.txt,P8,10.0,Holz,Treffer,True,oben,2.0,,160,140,133,135,161,155,153,127,126,149,167,170,146,116,93,104,117,121,119,110,112,126,141,147,143,122,120,127,133,126,118,125,132,138,155,167,165,149,130,117,110,105,101,105,111,111,111,104,99,100,110,132,138,135,125,116,119,124,119,115,112,105,114,124,133,126,114,100,104,110,123,129,126,123,119,124,127,130,127,131,133,135,135,134,125,121,124,140,153,155,150,150,151,153,144,134,125,123,131,146,154,152,146,137,133,126,116,103,89,80,89,112,136,148,155,155,155,157,154,140,116,95,94,108,119,130,131,124,110,93,79,81,76,81,85,104,123,141,159,168,175,185,195,190,190,190,186,167,148,128,113,103,103,101,106,112,119,125,126,120,113,113,110,113,116,114,111,110,110,112,118,123,128,131,130,128,128,131,134,145,151,162,175,182,182,170,154,134,126,129,136,138,134,127,119,113,103,91,85,85,96,116,145,166,180,179,170,161,155,160,165,173,180,182,176,166,154,140,128,121,120,120,119,118,117,111,101,91,83,81,86,99,103,103,94,81,69,64,63,69,71,72,73,74,70,65,61,64,68,77,87,96,100,110,121,135,149,157,160,158,153,148,147,148,147,146,147,153,160,167,176,181,192,203,215,223,227,229,231,230,229,230,232,235,239,242,244,244,245,245,245,241,239,239,235,226,213,200,181,162,137,110,87,70,55,45,41,39,39,39,39,39,39,40,42,52,57,57,53,48,42,41,41,40,38,39,39,38,38,38,37,37,37,36,37,36,36,37,36,37,38,40,46,61,76,92,106,117,127,138,146,155,163,169,175,184,192,199,206,210,217,228,242,244,245,245,245,245,245,244,244,244,244,244,244,244,244,245,245,245,245,245,245,245,246,245,245,245,245,245,245,245,245,245,245,212,180,155,137,121,107,95,90,83,79,73,63,53,41,38,38,37,37,37,36,36,36,36,36,36,36,35,36,36,36,35,36,36,36,36,36,36,36,36,36,36,37,36,37,40,45,53,59,58,54,55,62,75,82,85,83,80,82,90,100,112,122,132,144,157,172,184,192,195,198,202,208,215,223,229,235,241,244,245,246,246,246,246,246,246,245,245,241,233,229,228,230,234,235,234,234,233,230,226,218,212,207,204,195,185,179,177,177,176,172,164,155,145,136,128,119,176
5,001,001_p8 10m Holz eigene,unten1.txt,P8,10.0,Holz,Treffer,True,unten,1.0,,157,163,146,128,141,136,149,133,122,139,153,155,165,174,150,135,132,117,126,144,109,137,134,159,144,118,95,111,141,146,155,140,129,111,122,119,126,121,123,106,119,121,154,182,190,174,119,93,86,113,96,74,58,58,73,113,142,167,166,149,136,83,67,63,84,83,78,89,105,141,139,123,79,66,77,103,118,122,129,147,174,202,213,197,188,181,192,203,204,201,136,109,111,163,177,146,81,38,38,49,91,112,109,101,97,95,89,76,43,38,38,45,99,144,153,129,92,90,121,143,173,189,204,212,203,181,147,126,117,135,147,162,184,198,213,219,207,183,169,169,198,241,244,245,245,245,245,234,236,234,234,220,207,188,170,147,126,103,87,80,73,51,39,38,38,38,38,38,37,38,40,41,41,38,38,37,38,38,38,37,37,36,36,36,36,37,41,63,79,89,100,105,104,104,110,116,120,123,133,144,160,188,217,240,244,245,245,245,245,245,245,245,245,245,245,245,245,245,236,229,223,222,217,212,213,221,238,245,245,245,230,227,235,239,235,220,199,185,178,171,154,131,109,94,86,78,65,46,40,38,42,51,61,65,56,45,39,38,37,37,37,37,39,41,40,38,38,37,37,37,37,37,37,38,39,39,38,37,36,36,37,38,39,46,54,64,73,85,97,108,124,145,164,186,201,211,219,223,231,242,244,245,245,245,245,245,242,234,228,226,227,239,245,245,245,245,245,245,245,245,245,245,245,245,245,233,206,184,171,167,171,179,187,191,193,191,191,185,173,161,147,142,139,129,112,93,80,68,63,59,48,39,39,38,38,38,38,39,39,39,40,44,53,59,64,66,74,81,86,87,84,80,84,90,95,99,101,106,115,126,134,137,133,132,126,119,111,104,96,93,94,95,98,101,112,121,130,138,149,160,169,179,191,204,213,221,229,235,239,243,244,241,233,222,209,192,174,158,143,129,116,105,93,86,80,74,71,72,72,75,78,79,79,81,82,83,81,77,77,82,90,97,103,111,118,122,122,119,114,107,103,100,98,95,94,92,87,85,84,85,86,86,87,89,91,95,99,103,111,120,130,139,145,149,152,152,152,152,153,154,156,156,155,152,147,143,139,134,132,129,127,127,129,130,134,138,137,136,133,134,136,140,146,153,162,169,174,177,175,176,175,153
6,001,001_p8 10m Holz eigene,unten2.txt,P8,10.0,Holz,Treffer,True,unten,2.0,,154,132,121,130,131,147,140,160,127,134,146,149,141,120,110,126,147,161,163,149,146,150,166,133,131,122,118,136,147,147,133,108,115,139,140,136,130,130,126,130,144,141,133,121,114,114,111,115,112,138,174,179,155,125,96,93,92,109,101,94,89,85,92,103,91,122,166,175,170,146,123,90,69,64,87,118,137,140,120,88,68,64,70,77,78,94,114,124,142,150,165,178,188,198,207,197,180,191,195,211,211,208,184,150,113,77,52,47,75,100,113,115,114,98,79,65,48,39,39,40,49,70,86,89,76,65,86,122,164,186,185,156,137,146,177,188,170,146,128,125,136,148,155,167,181,193,197,213,240,244,245,244,236,232,243,245,245,245,244,245,245,234,208,183,173,169,167,160,146,122,85,51,38,38,38,40,39,40,38,40,39,40,37,37,37,36,36,36,36,36,36,36,36,36,37,37,38,39,43,49,59,75,96,106,115,108,106,112,124,141,163,186,208,230,244,244,245,245,245,245,245,245,245,236,231,230,233,233,222,211,206,218,235,244,240,236,239,245,245,245,246,246,245,246,238,232,222,211,199,191,184,165,139,105,74,56,49,50,55,62,68,66,59,47,39,38,38,42,52,57,53,43,38,37,37,36,36,37,37,37,37,37,37,36,36,36,36,36,36,36,37,37,38,39,42,61,84,103,123,140,156,169,179,185,187,187,188,191,195,194,195,195,195,195,197,201,202,206,212,218,226,234,242,245,246,246,246,246,245,245,245,245,245,245,245,239,225,215,210,203,195,186,176,167,163,162,164,164,159,150,134,120,106,98,87,81,79,82,82,79,78,76,77,79,78,70,62,61,62,59,53,48,46,50,54,59,61,62,64,62,64,63,70,72,77,87,100,113,127,136,136,130,127,128,127,128,128,131,137,139,140,139,138,141,150,162,173,186,195,201,205,209,213,218,218,215,213,211,209,203,196,187,177,166,157,145,131,122,116,111,108,102,98,94,93,89,84,81,78,81,85,93,98,98,99,100,101,105,108,113,117,121,122,117,110,100,90,83,76,72,68,66,63,62,58,55,54,53,55,60,69,77,86,94,102,107,114,121,127,131,133,137,140,144,147,150,153,152,152,151,151,151,152,153,156,158,158,155,152,150,150,154,155,157,161,162,162,162,163,167,174,157
7,002,002_P8 15m Holz eigene,mitte1.txt,P8,15.0,Holz,Treffer,True,mitte,1.0,,153,140,129,134,133,141,134,129,139,150,145,136,123,124,126,132,124,139,163,181,158,122,103,124,146,145,137,134,157,153,147,121,107,112,129,132,135,143,141,143,118,97,90,110,121,132,138,155,161,148,125,85,67,87,126,146,154,147,141,128,111,83,72,83,101,120,128,123,121,122,133,141,138,121,92,60,53,78,118,159,172,167,161,156,146,121,92,74,78,110,148,174,179,174,169,163,148,136,126,124,123,125,126,125,111,110,114,120,128,133,134,132,143,166,189,197,186,173,154,128,98,78,67,68,84,106,115,115,108,103,101,98,97,97,102,117,134,155,177,193,186,163,132,114,112,122,138,148,161,172,183,180,159,132,119,123,131,142,144,135,123,110,102,101,98,93,90,87,85,80,71,64,66,84,110,132,140,139,138,143,152,158,162,164,173,190,203,205,198,183,171,168,174,184,187,183,174,162,154,152,147,135,122,116,122,134,145,146,144,145,152,157,158,157,158,164,169,168,160,149,139,134,134,139,140,134,120,103,88,71,54,40,37,37,37,38,39,42,53,69,80,84,77,64,55,61,74,92,111,124,131,137,145,152,154,157,160,166,175,180,176,170,166,166,171,177,183,193,197,203,206,208,206,202,195,186,176,164,156,149,144,138,135,133,131,129,125,121,116,116,120,128,135,143,146,146,141,134,126,120,116,117,116,113,108,105,102,100,99,97,94,93,91,88,87,87,85,82,80,82,91,104,115,129,140,147,148,144,134,125,115,109,104,99,97,95,97,95,97,93,92,89,85,82,79,77,76,76,79,87,98,107,117,128,139,153,165,178,188,198,203,204,203,200,196,193,191,193,194,199,203,201,196,190,187,183,181,177,175,178,179,179,176,171,167,164,159,155,146,133,118,102,89,79,72,64,59,60,64,68,72,73,74,76,80,82,82,79,80,80,83,87,91,93,101,107,114,120,126,129,131,134,139,146,153,161,169,177,185,191,196,196,195,195,194,192,191,191,188,181,174,167,159,148,137,127,123,121,122,122,120,116,111,106,98,91,87,84,83,86,92,97,100,103,105,106,109,112,111,112,111,112,110,110,105,98,91,87,84,83,83,86,90,92,95,96,93,93,93,95,99,102,106,106,109,113,116,120,121,122,121,120,120,119,120,118,119,121,123,126,126,119
8,002,002_P8 15m Holz eigene,mitte2.txt,P8,15.0,Holz,Treffer,True,mitte,2.0,,167,165,157,138,131,130,137,130,131,141,148,145,153,127,117,116,126,143,138,118,112,124,143,144,116,100,115,130,142,140,119,120,128,136,124,97,80,76,112,128,149,137,120,110,121,121,127,117,101,102,114,121,130,127,130,130,139,140,134,116,106,96,109,126,136,147,155,174,185,174,144,122,113,112,107,109,112,121,124,125,126,143,151,152,138,134,137,147,156,145,127,125,118,112,105,100,97,96,90,83,80,83,88,84,94,110,125,137,141,143,145,146,143,142,144,152,168,166,151,132,124,129,136,137,129,116,106,101,88,71,52,41,43,58,73,77,83,93,112,130,146,146,140,130,126,140,157,180,200,218,226,229,231,234,231,226,221,218,211,202,190,181,168,155,152,157,159,157,143,129,115,107,101,102,110,125,142,149,146,132,122,117,114,109,106,104,99,94,85,75,69,69,64,57,54,55,57,55,56,50,45,41,40,40,44,54,64,69,79,92,106,120,134,154,168,181,192,196,206,215,225,228,233,236,244,245,245,245,245,245,232,223,219,215,212,206,203,200,196,191,186,178,175,175,174,169,161,155,151,147,141,133,124,114,99,81,63,49,41,40,40,43,48,52,57,61,67,70,76,77,76,73,70,70,67,66,66,73,83,91,93,94,94,96,93,90,82,72,65,63,63,67,71,84,98,113,127,141,149,153,153,153,154,154,155,157,162,166,170,170,168,168,170,173,174,170,164,163,165,166,164,162,163,168,171,176,177,177,179,186,196,205,212,214,214,213,210,203,191,178,159,143,126,108,93,85,80,79,80,74,71,69,67,66,63,60,52,47,44,43,45,48,50,54,57,57,54,50,44,42,41,44,49,55,64,73,89,109,127,146,162,180,195,209,220,227,228,227,225,223,223,222,221,221,220,222,225,226,227,226,222,217,207,197,184,172,163,156,151,147,142,139,135,130,122,114,105,96,89,84,78,75,72,70,68,65,61,58,55,55,57,60,66,69,72,72,73,77,83,89,95,103,108,113,117,120,119,120,118,119,119,119,119,117,113,109,108,108,110,113,117,123,129,135,144,148,155,161,166,172,176,179,183,186,185,184,182,179,175,172,166,161,156,153,151,152,152,155,158,159,159,159,159,158,157,155,152,151,152,153,155,155,154,152,150,151,150,148,144,139,135,152
9,002,002_P8 15m Holz eigene,oben1.txt,P8,15.0,Holz,Treffer,True,oben,1.0,,154,133,122,111,125,136,141,141,136,123,118,120,125,135,125,114,108,128,152,159,133,105,102,118,127,116,108,102,122,139,143,125,103,83,87,107,115,125,123,113,115,128,129,130,133,140,146,146,146,143,141,139,146,146,159,150,129,119,127,140,144,144,135,142,153,158,148,132,119,117,123,134,138,133,130,109,96,95,106,103,105,101,105,112,107,98,88,88,98,111,116,107,105,106,110,108,102,105,113,118,119,113,116,125,130,123,112,105,99,89,76,77,100,132,158,163,163,171,181,185,173,153,139,139,149,156,147,128,110,97,85,77,75,77,91,108,122,143,161,174,181,183,188,189,185,171,158,157,165,174,176,175,179,183,194,193,181,162,142,133,131,129,115,83,49,39,40,47,61,68,77,88,97,107,121,135,149,161,176,194,205,213,210,202,192,184,180,172,159,149,138,132,131,136,134,133,131,123,116,113,116,122,129,135,142,144,143,140,127,114,99,92,91,93,96,98,104,108,109,105,97,94,95,90,84,81,87,96,102,111,112,108,101,96,95,107,122,141,160,178,195,201,195,177,160,151,155,160,164,163,157,155,157,162,166,172,179,181,178,168,157,146,135,127,124,126,132,133,126,115,100,92,89,88,89,96,104,113,119,123,125,128,132,141,152,162,171,179,188,199,206,207,203,194,185,177,167,156,145,138,136,136,136,130,119,108,100,100,102,102,100,95,93,89,84,78,73,69,71,79,86,88,84,81,76,75,75,77,78,79,76,71,65,57,51,48,48,55,67,76,84,91,95,99,100,103,109,119,134,148,161,169,177,186,196,204,213,220,222,221,214,206,197,187,181,177,179,185,189,189,184,178,176,173,171,165,156,143,129,113,99,91,89,88,89,94,99,99,99,95,93,90,90,91,91,88,84,80,78,81,84,92,102,111,121,129,137,144,151,161,167,173,173,170,165,163,164,169,174,180,183,186,184,180,177,172,171,174,178,183,187,189,191,194,198,207,215,221,223,220,211,198,183,167,149,133,119,109,99,91,85,82,80,81,86,93,99,103,107,107,107,106,104,102,100,97,93,89,80,71,63,57,50,44,41,39,40,39,40,38,38,38,38,38,39,41,46,56,65,76,90,102,113,123,133,142,148,148,146,141,136,128,119,112,101,94,88,82,81,83,88,112
10,002,002_P8 15m Holz eigene,oben2.txt,P8,15.0,Holz,Treffer,True,oben,2.0,,154,139,118,102,99,106,117,125,140,156,168,165,142,110,91,99,111,119,116,119,139,155,147,129,104,113,122,141,124,102,107,128,139,135,118,94,101,104,123,135,159,170,178,143,112,93,119,142,149,152,149,161,168,158,140,130,130,142,148,140,120,109,116,135,151,145,140,131,146,168,179,149,99,66,80,125,145,141,117,113,138,171,180,161,126,103,104,117,126,127,117,113,117,123,128,128,112,95,93,106,122,133,124,106,91,85,91,102,122,143,156,150,123,97,86,102,127,154,165,154,132,108,100,108,123,135,139,140,144,148,150,148,145,143,147,146,145,142,130,117,112,117,131,148,159,163,153,141,125,118,124,139,149,144,128,115,116,130,146,154,147,130,114,114,119,119,109,100,105,121,134,136,120,94,80,77,87,98,103,107,107,113,124,133,136,138,142,151,160,167,175,179,171,151,121,89,70,62,69,82,102,121,130,126,111,95,88,96,123,160,187,196,189,170,148,133,131,140,156,178,196,195,179,159,142,136,136,143,149,137,117,99,87,83,79,83,91,107,119,121,105,85,69,60,64,71,84,99,123,151,177,192,196,194,185,170,160,161,167,177,182,188,194,200,203,199,187,169,152,133,112,84,56,39,38,38,39,46,59,68,69,73,81,96,113,123,128,129,132,138,145,155,169,185,203,216,220,216,207,200,185,167,149,133,128,124,120,112,102,93,90,92,99,100,98,95,99,108,123,138,142,141,140,144,154,165,167,163,157,158,164,168,165,157,147,139,137,140,141,142,142,143,143,139,131,119,106,94,91,92,96,100,109,118,121,115,104,93,92,97,104,114,119,124,129,137,144,149,150,149,149,151,150,141,124,104,89,84,83,80,72,64,60,64,70,78,79,76,74,73,77,88,102,116,127,138,146,154,161,165,166,167,167,166,162,160,156,153,149,145,139,133,128,122,116,112,112,121,136,149,163,172,181,188,196,203,212,220,226,227,224,219,214,205,196,185,178,171,165,158,148,136,122,112,105,104,107,111,113,114,121,132,147,159,169,173,176,176,174,172,167,163,157,152,142,133,122,110,101,93,88,80,73,66,59,56,54,56,57,61,66,66,67,67,68,73,80,85,88,85,83,80,79,81,81,83,88,94,104,109,114,118,121,124,129,134,142,148,151,154,155,124
11,002,002_P8 15m Holz eigene,unten1.txt,P8,15.0,Holz,Treffer,True,unten,1.0,,155,168,131,133,126,167,160,132,106,141,152,147,114,131,147,156,163,133,131,127,130,135,115,103,139,165,177,148,147,138,121,118,99,101,106,123,165,181,152,127,91,82,121,109,124,153,137,144,126,96,73,67,70,113,127,138,132,93,101,97,123,120,153,131,149,124,108,71,111,109,173,197,207,152,107,65,58,80,85,107,87,133,140,182,215,225,199,189,182,140,124,106,106,122,143,157,162,161,139,133,116,133,170,237,245,245,197,119,63,40,37,37,38,66,111,142,161,150,114,62,41,38,73,98,100,84,42,38,39,65,113,122,111,96,69,48,39,39,40,43,49,53,54,55,39,38,38,52,104,147,193,209,212,202,175,140,116,132,181,237,245,245,245,245,245,211,191,195,208,242,244,245,245,245,245,245,245,245,245,245,245,245,245,245,245,245,245,245,245,245,245,207,159,130,114,105,110,124,137,130,101,59,39,37,37,37,43,69,87,81,60,44,40,41,58,78,95,106,104,78,53,40,38,42,48,56,61,63,57,40,37,37,38,39,61,77,84,73,53,40,39,53,82,111,128,134,132,122,107,91,88,93,108,127,147,161,169,174,174,172,177,195,216,233,234,227,211,197,183,176,169,167,169,170,176,183,186,186,181,176,170,168,167,166,165,171,180,184,182,179,174,170,164,160,153,143,134,127,123,113,102,91,86,82,80,80,80,82,85,90,92,96,96,97,97,96,95,101,105,109,111,108,104,97,89,78,61,48,41,42,45,51,56,60,60,51,42,39,43,52,61,71,81,92,107,118,123,125,128,134,146,155,164,170,176,180,187,189,184,176,170,167,164,160,155,153,153,153,155,156,155,152,149,150,152,155,158,160,158,160,157,156,153,150,150,149,149,147,142,137,133,132,130,128,127,130,134,142,149,155,158,160,158,156,150,145,140,139,140,142,143,141,136,131,129,125,123,121,120,118,116,112,105,97,88,83,81,81,85,91,97,102,108,108,105,100,98,100,107,110,109,107,103,103,103,102,100,98,100,105,106,104,100,99,101,103,106,109,113,114,116,117,116,117,120,124,132,138,141,141,140,137,135,132,128,123,118,113,105,98,91,87,87,87,91,96,102,110,116,121,126,129,129,128,128,128,129,132,136,140,147,153,160,168,177,185,193,197,202,205,209,168
12,002,002_P8 15m Holz eigene,unten2.txt,P8,15.0,Holz,Treffer,True,unten,2.0,,156,144,152,141,139,133,115,147,141,151,136,135,134,133,142,142,136,114,118,140,149,160,120,116,105,126,135,158,146,140,123,110,107,122,136,131,144,139,149,131,115,94,75,88,123,149,122,102,79,78,101,137,140,192,207,227,209,140,46,38,37,74,121,158,135,100,80,105,94,99,107,100,108,114,127,141,143,128,126,163,207,227,219,171,135,112,132,150,158,172,160,130,102,65,39,42,77,104,112,93,78,55,53,57,73,102,174,220,244,245,240,212,221,190,146,143,173,225,244,231,185,127,111,109,111,106,91,100,116,165,183,189,178,170,175,201,230,244,244,189,133,102,119,125,122,96,74,62,40,35,35,36,36,36,37,37,36,36,35,36,35,35,36,56,105,132,131,95,46,38,38,59,107,122,99,70,59,77,117,161,192,201,209,210,218,215,213,214,244,243,245,244,244,244,244,244,245,245,244,245,245,245,245,245,225,202,202,215,241,244,245,245,228,209,188,161,139,132,146,159,171,164,151,145,151,170,173,163,135,103,62,39,37,36,35,35,36,37,38,39,39,38,37,38,44,61,64,52,39,39,38,37,36,36,36,35,37,38,38,37,37,36,37,36,38,40,56,77,100,117,133,145,160,176,192,204,217,222,223,222,218,207,195,182,180,185,192,201,210,218,225,237,245,245,245,245,245,245,245,245,245,245,245,245,245,245,245,245,231,211,192,174,160,146,131,116,93,69,53,47,49,51,57,61,69,74,78,80,77,77,78,82,88,95,101,102,103,100,95,92,85,77,68,58,56,56,58,57,50,43,40,40,46,54,61,67,68,68,67,68,70,75,82,92,104,113,123,135,148,162,175,189,197,200,196,190,179,167,160,155,154,154,151,148,142,140,140,142,145,149,159,167,172,174,174,174,175,178,181,184,186,189,192,193,194,192,187,184,175,166,155,140,126,114,104,97,92,88,82,77,75,72,69,67,63,62,60,60,60,57,57,62,70,80,87,97,99,104,106,107,104,99,94,92,92,94,96,93,94,94,97,98,101,101,101,101,103,106,109,113,116,127,141,155,166,174,179,185,190,197,200,203,208,212,215,215,212,208,203,200,195,189,182,172,160,147,136,124,113,103,98,92,89,86,81,75,70,66,63,63,63,65,65,71,78,83,88,90,91,91,91,71
13,003,003_P8 20m Holz eigene,mitte1.txt,P8,20.0,Holz,Treffer,True,mitte,1.0,,153,142,148,146,138,120,113,123,134,166,141,130,119,148,156,135,105,95,122,158,152,140,129,126,118,117,117,118,142,139,129,131,149,164,151,117,102,113,125,145,129,148,146,137,117,109,99,91,98,101,123,153,146,124,104,116,135,131,99,90,114,154,181,146,126,121,119,103,77,66,74,91,116,130,123,120,117,116,121,122,119,132,158,183,186,170,153,148,172,185,177,153,139,136,143,166,165,145,118,106,121,139,143,128,109,115,126,143,135,108,73,65,83,104,121,122,122,122,130,130,120,106,97,90,86,79,80,80,86,97,107,118,115,104,93,95,115,131,139,139,152,165,164,139,107,86,88,102,129,163,197,212,206,182,155,137,117,100,91,100,116,135,148,152,150,142,131,117,115,121,133,142,136,120,111,110,116,130,150,171,189,205,213,217,215,207,185,159,139,130,127,128,131,142,158,169,168,160,145,131,125,125,124,121,110,97,82,76,71,67,61,60,65,73,78,82,85,92,102,113,125,134,139,144,151,159,164,166,173,181,190,198,195,178,152,126,112,102,99,94,95,105,120,136,141,138,133,133,141,156,171,182,189,192,192,192,183,175,166,161,158,160,157,147,135,123,106,91,84,89,101,114,119,122,114,99,81,69,68,72,81,88,90,89,91,94,102,108,113,117,119,116,106,91,80,71,68,66,68,78,88,92,93,90,83,73,58,49,46,52,60,71,84,99,116,131,140,147,152,158,164,165,167,167,169,171,175,177,178,181,187,191,195,196,195,194,191,190,188,188,187,185,183,183,187,193,198,208,220,237,245,246,246,246,245,245,245,245,239,235,227,220,214,209,203,195,179,161,136,110,89,71,56,43,39,39,37,37,38,38,38,39,39,39,39,39,38,38,37,36,36,36,36,37,37,37,37,38,39,39,39,40,48,63,78,89,96,99,104,111,121,129,137,142,147,150,156,164,174,185,193,200,209,218,228,236,244,245,245,245,245,245,245,245,245,244,244,245,245,245,245,245,245,229,210,192,173,159,146,133,121,109,99,88,80,73,69,66,64,65,68,71,74,73,71,70,69,68,68,68,68,68,67,62,55,44,39,38,37,37,37,37,37,37,36,37,38,41,49,59,71,82,93,104,110,121,131,144,155,164,169,171,173,176,175,176,172,168,168,169,173,176
14,003,003_P8 20m Holz eigene,mitte2.txt,P8,20.0,Holz,Treffer,True,mitte,2.0,,158,152,130,132,121,137,136,148,141,133,125,138,135,129,128,133,141,138,152,149,139,110,110,115,138,125,125,133,158,148,117,89,75,91,108,128,135,159,153,136,89,68,81,111,130,127,138,151,167,158,119,99,87,99,120,128,117,116,115,113,112,100,97,97,104,122,133,137,140,142,143,141,134,115,129,142,147,135,122,114,137,166,179,161,130,111,115,128,139,139,138,142,148,144,134,121,109,102,120,154,176,167,138,116,115,137,150,150,148,158,173,167,143,111,95,99,109,119,116,105,97,101,118,129,128,113,95,91,103,123,130,116,93,88,105,133,149,151,141,137,145,152,141,119,96,92,115,149,172,178,176,168,153,131,117,112,112,120,133,137,128,112,97,93,104,126,153,170,173,169,161,146,129,112,108,118,126,130,133,141,152,167,180,179,167,153,132,112,101,105,117,130,137,136,125,102,75,52,49,62,89,107,111,103,91,83,81,86,98,110,123,128,124,119,117,122,126,130,126,121,114,110,110,115,126,146,167,189,199,202,201,204,213,220,218,207,202,202,206,207,207,214,226,235,236,235,233,231,228,218,201,182,168,150,135,121,115,116,122,127,134,134,128,112,94,82,69,57,44,38,38,37,37,36,36,36,35,36,35,36,36,36,36,36,36,36,35,35,37,39,58,86,114,139,164,183,194,197,201,204,205,204,197,187,176,168,169,177,184,190,199,205,210,207,199,183,173,168,169,175,180,180,179,179,181,182,179,174,170,166,165,165,169,173,180,186,192,194,198,203,206,210,210,208,203,196,191,190,188,184,174,164,155,148,142,135,126,117,111,107,100,87,72,55,50,50,55,62,66,65,66,65,67,73,77,81,83,90,98,104,105,105,105,109,116,121,121,117,112,105,100,97,94,98,104,116,133,150,166,179,192,201,210,215,214,210,206,201,196,192,183,182,180,181,184,184,181,180,174,165,151,136,119,107,95,90,86,86,85,81,76,74,74,76,75,71,65,58,58,60,65,70,79,90,100,108,116,121,120,116,110,102,92,82,71,64,60,63,69,74,81,86,91,93,95,97,97,99,101,103,104,103,104,103,106,108,114,119,127,133,137,141,145,145,145,143,142,140,137,135,133,129,127,129,129,128,124,120,116,115,115,114,112,111,113,114,116,118,121,123,127,111
15,003,003_P8 20m Holz eigene,oben1.txt,P8,20.0,Holz,Treffer,True,oben,1.0,,156,162,156,144,130,126,125,134,138,134,132,130,128,124,124,120,121,132,135,133,124,117,122,128,128,121,126,135,137,121,105,92,92,105,114,113,121,133,143,141,134,131,128,131,134,131,130,128,118,104,98,110,127,146,151,150,142,132,124,125,131,138,142,146,142,133,118,113,110,114,117,128,144,162,172,172,163,147,135,126,125,130,132,133,127,121,109,98,87,86,84,93,114,133,149,151,143,136,142,157,168,177,183,186,181,181,178,163,149,131,119,113,111,108,105,109,114,119,121,120,111,107,104,102,98,91,94,106,117,123,121,109,92,81,86,104,126,151,169,182,193,198,201,193,174,161,158,173,189,196,190,180,164,151,132,105,80,63,57,56,63,70,74,81,96,110,120,120,118,122,129,139,146,147,147,152,160,165,160,145,125,110,99,90,85,77,66,52,41,38,38,37,37,39,59,85,104,113,119,123,117,107,97,93,100,114,135,159,184,205,224,235,244,245,245,245,245,245,245,245,245,245,245,245,244,244,244,234,221,204,188,174,160,145,129,115,102,92,84,75,70,65,61,65,69,75,77,74,68,60,54,50,45,45,48,53,57,57,54,47,41,38,38,38,39,39,39,41,42,43,48,53,67,83,103,123,141,156,165,171,175,177,180,185,188,189,184,173,162,149,141,136,132,133,135,139,142,146,147,152,158,169,181,194,203,212,222,234,243,244,245,245,246,246,246,246,246,245,234,222,213,202,192,180,172,163,156,147,138,129,120,112,105,96,85,74,63,58,53,52,51,53,58,62,66,64,61,59,54,51,46,43,41,40,39,41,40,40,40,39,39,39,39,40,39,44,51,62,75,86,96,104,114,126,138,148,157,165,173,180,185,188,193,196,204,212,217,220,222,223,225,227,231,234,234,233,230,227,223,220,216,212,210,209,209,206,203,198,195,192,190,188,183,177,170,167,165,162,158,156,151,147,140,133,124,116,108,104,102,101,99,94,92,90,86,83,80,75,71,66,59,52,45,40,38,38,40,39,40,43,49,55,62,68,71,74,78,83,86,89,92,95,101,103,107,111,115,119,124,129,133,138,141,144,146,150,157,164,172,178,184,188,191,195,195,196,196,196,194,189,185,177,170,165,162,159,158,156,151,149,145,140,138,135,136,136,136,135,135,131,126,135
16,003,003_P8 20m Holz eigene,unten1.txt,P8,20.0,Holz,Treffer,True,unten,1.0,,157,145,142,133,136,133,181,142,142,127,135,146,139,136,156,158,149,126,118,143,142,155,98,128,131,146,129,118,122,155,148,123,129,137,167,155,140,125,156,105,110,102,111,148,144,133,122,145,133,139,87,55,75,87,112,128,115,123,143,164,160,174,173,192,162,120,67,48,38,49,75,97,131,133,132,100,55,40,61,97,147,182,213,240,244,245,220,160,137,137,152,155,161,157,156,144,126,103,72,71,64,75,91,123,125,110,74,42,38,40,56,70,105,138,162,168,172,198,220,242,240,233,215,217,213,192,136,82,45,53,75,119,149,169,165,139,108,85,76,74,89,110,135,148,171,173,176,166,144,104,62,46,58,83,107,106,71,39,37,37,38,39,38,38,39,75,91,82,73,89,127,177,208,212,197,180,173,170,165,157,150,148,151,148,133,117,107,116,147,176,199,201,202,207,218,221,216,198,193,203,229,244,245,227,206,193,179,159,141,122,108,89,77,73,71,72,78,84,92,95,97,97,109,129,149,159,156,151,151,157,162,165,160,151,138,125,109,97,84,76,73,75,83,96,117,137,147,149,152,159,173,187,186,179,178,183,195,203,216,230,245,245,245,245,245,221,193,166,148,138,138,144,155,169,189,211,226,229,225,215,205,190,177,165,159,157,154,151,146,135,118,98,80,69,59,51,42,39,39,39,38,38,39,44,60,74,78,74,61,51,46,48,52,61,62,57,45,40,37,37,36,36,37,38,39,39,38,37,37,38,38,53,72,89,104,111,117,119,124,129,140,153,164,173,178,182,191,210,227,237,241,238,234,231,229,227,227,228,234,242,244,245,245,245,245,245,245,245,245,245,245,245,245,245,236,224,211,204,200,191,181,165,148,126,103,85,73,71,75,79,85,87,86,80,71,64,52,45,39,38,38,37,37,38,38,38,38,38,38,39,40,37,40,40,41,46,52,54,59,64,69,78,85,92,95,99,104,107,109,110,116,128,145,161,173,181,185,188,190,190,189,186,183,183,183,183,183,182,182,185,188,193,194,197,199,201,201,203,205,207,207,205,200,190,183,174,167,161,152,143,134,126,118,112,102,92,82,74,70,68,64,61,64,66,70,72,69,68,66,64,65,65,64,61,60,57,54,53,52,52,52,55,61,67,72,74,75,75,76,77,79,67
17,003,003_P8 20m Holz eigene,unten2.txt,P8,20.0,Holz,Treffer,True,unten,2.0,,156,130,144,106,129,155,156,151,166,127,138,101,125,136,152,156,129,149,127,154,104,118,130,159,146,169,123,127,127,93,141,129,168,145,133,141,142,128,100,62,92,111,167,178,140,132,97,134,141,143,107,66,74,56,88,92,109,141,205,211,187,142,96,93,105,112,123,118,99,75,94,116,136,152,140,117,111,115,109,70,78,94,141,217,241,211,143,94,55,71,110,147,175,206,220,215,176,126,84,82,115,157,172,165,130,77,72,84,100,110,106,102,107,108,113,102,75,41,44,47,49,52,69,104,137,174,178,151,130,117,108,116,129,141,151,155,148,129,106,87,96,133,194,233,244,231,217,190,181,168,157,158,172,192,197,202,194,204,216,216,201,169,140,112,92,76,63,66,87,130,172,181,161,130,102,84,73,71,82,98,106,108,107,94,94,98,103,114,132,146,153,142,118,96,68,54,46,51,65,86,111,121,120,119,119,113,94,73,54,62,75,87,89,85,97,116,144,163,171,160,138,110,80,59,57,58,62,70,82,98,116,132,147,171,200,227,238,231,215,206,202,195,186,175,168,175,193,205,215,214,200,183,175,168,161,163,163,161,157,154,147,146,154,170,193,214,234,236,227,208,187,170,156,148,141,141,141,134,119,104,98,100,108,116,118,115,104,94,90,89,92,100,107,117,130,138,144,148,156,164,175,187,189,185,170,152,135,124,113,103,98,94,97,96,97,98,106,120,136,144,142,135,128,129,137,145,146,140,127,110,93,81,67,59,57,59,60,62,59,51,45,42,48,57,67,73,83,95,109,121,135,151,164,175,181,180,175,171,169,172,178,184,187,189,189,190,189,187,184,177,172,170,171,172,169,168,170,175,183,187,185,179,172,164,152,137,121,106,92,84,78,78,79,81,85,91,95,96,91,88,86,88,90,93,95,99,104,114,127,138,146,151,153,149,150,148,146,142,141,141,144,148,152,155,158,160,161,161,159,155,148,143,140,135,129,121,115,113,111,112,108,103,95,87,78,68,61,56,52,49,46,45,43,42,42,45,50,56,63,71,77,83,91,100,107,115,124,133,143,153,160,168,176,184,191,199,202,204,204,203,202,202,202,202,200,194,187,178,167,156,146,136,127,120,111,105,97,90,86,82,78,77,76,74,73,73,76,82,88,94,101,74
18,004,004_P8 10m Kunststoff,mitte1.txt,P8,10.0,Kunststoff,Treffer,False,mitte,1.0,,173,166,129,75,55,40,64,139,224,243,245,121,55,63,43,59,106,127,128,176,233,195,122,93,118,141,120,79,74,145,191,186,135,50,36,51,144,216,243,245,236,178,129,70,37,37,36,37,146,242,244,245,245,141,82,85,101,78,36,36,36,177,243,219,111,96,162,243,245,245,174,40,35,37,103,130,113,111,154,237,245,245,227,183,159,136,92,38,36,35,36,101,186,190,150,148,178,179,149,79,38,36,35,35,36,53,66,52,44,121,234,244,245,245,202,126,42,35,36,241,241,40,68,181,226,183,135,75,69,50,96,115,182,224,243,198,174,226,244,245,245,245,245,149,43,42,73,78,103,129,176,242,244,188,123,109,193,242,244,245,185,124,191,245,245,245,244,245,244,244,211,68,36,35,35,37,37,37,37,37,37,39,74,127,154,155,178,233,244,245,245,245,245,240,244,245,245,245,201,147,99,102,141,191,216,198,134,53,37,36,36,36,38,98,179,235,244,245,245,157,81,57,59,102,131,118,60,37,36,35,35,35,37,87,152,156,121,47,39,38,61,81,68,39,39,70,119,149,169,165,195,241,244,225,157,75,41,58,113,141,146,154,170,176,170,128,67,38,41,115,212,244,245,245,245,244,245,245,245,245,245,245,245,245,245,246,246,211,186,192,194,178,132,88,46,38,37,37,50,114,174,222,245,245,245,245,245,245,245,245,245,201,122,64,37,36,35,35,36,36,37,45,241,244,245,245,244,244,244,40,35,36,36,36,37,40,86,133,172,201,229,245,245,245,245,245,245,226,225,219,185,138,112,121,166,231,245,246,246,246,245,245,245,245,245,245,245,244,244,245,244,244,245,245,245,245,245,245,205,154,112,90,93,101,108,112,106,97,89,86,85,96,115,131,126,107,86,83,95,107,111,103,89,64,38,37,36,36,37,36,35,36,34,34,35,35,34,34,36,36,36,37,38,55,92,117,118,110,116,133,149,157,153,143,147,159,176,190,188,182,193,219,243,245,245,245,244,244,244,244,244,244,245,245,245,245,245,245,245,245,232,212,196,182,170,153,132,116,109,111,110,103,93,90,92,97,84,58,38,37,36,36,36,36,36,36,37,37,37,36,36,36,36,36,36,36,36,36,64,239,243,41,36,36,36,36,36,36,37,36,36,36
19,004,004_P8 10m Kunststoff,mitte2.txt,P8,10.0,Kunststoff,Treffer,False,mitte,2.0,,168,169,130,73,42,37,48,127,217,244,246,156,48,38,38,42,129,177,176,196,243,242,127,71,76,87,84,68,82,152,218,244,212,103,38,37,68,149,213,235,229,191,138,90,55,54,42,56,146,241,244,245,214,129,38,36,36,66,118,130,155,240,244,245,206,126,85,126,202,243,173,73,39,118,207,244,225,152,66,38,39,40,59,97,114,154,234,244,245,200,146,122,126,115,48,35,35,41,183,245,245,245,209,195,213,143,39,36,36,35,60,217,244,245,244,228,192,136,72,38,39,82,107,75,48,43,40,37,36,36,38,102,167,180,135,114,144,162,141,128,110,108,128,149,164,190,177,175,169,130,65,36,36,35,35,39,107,121,68,47,53,69,91,133,197,243,245,245,245,245,245,245,245,198,172,146,149,122,108,148,152,124,77,37,36,36,36,34,38,90,168,242,245,245,245,245,245,196,126,163,167,118,48,38,67,172,242,244,245,245,245,244,244,244,244,201,110,61,41,37,51,83,95,123,156,150,162,145,92,40,36,39,97,101,44,38,75,146,196,167,165,132,121,141,150,159,170,145,118,122,128,132,107,114,137,187,215,245,246,246,246,246,246,226,178,171,151,112,112,139,155,137,95,45,38,41,82,120,172,209,243,245,245,245,245,245,245,245,245,245,244,245,245,244,245,245,245,228,188,147,115,81,39,37,36,36,36,36,240,244,245,245,245,244,41,36,35,35,36,36,36,35,35,35,35,35,36,36,36,36,36,36,36,36,36,36,35,35,35,35,36,62,139,209,243,245,245,246,246,246,245,245,245,245,245,245,244,244,244,244,245,245,245,245,245,246,246,245,245,245,245,245,245,245,245,245,245,245,245,245,245,245,245,245,245,245,245,245,245,245,244,206,170,147,130,121,91,70,55,66,82,81,62,41,36,36,36,35,35,35,35,35,36,240,244,246,246,246,246,246,246,246,246,246,245,244,41,35,35,35,35,35,36,37,55,93,113,129,132,143,170,193,218,244,245,245,245,245,245,245,245,245,245,245,245,245,245,245,245,245,245,245,245,245,246,246,246,246,245,245,245,245,245,244,244,245,245,213,183,173,179,180,173,156,128,98,68,40,36,36,36,36,36,36,36,35,35,36,240,245,245,245,244,245,244,245,189,40,35,36,35,245
20,004,004_P8 10m Kunststoff,oben1.txt,P8,10.0,Kunststoff,Treffer,False,oben,1.0,,158,189,190,168,130,102,60,64,90,115,127,159,179,167,138,123,133,139,131,138,149,170,176,185,165,115,88,115,162,218,244,244,231,201,150,113,76,55,43,77,145,231,245,245,245,216,167,128,101,56,38,46,121,176,206,225,213,191,177,180,185,161,122,96,103,126,136,122,108,88,83,101,126,123,110,106,113,114,97,70,41,38,39,39,38,38,46,99,139,146,122,77,45,37,38,40,60,64,41,36,36,35,36,46,74,101,127,140,129,86,39,37,36,37,45,78,98,120,158,203,238,238,232,230,237,231,217,176,137,121,145,179,207,235,244,245,245,245,245,245,245,245,245,245,245,230,165,123,102,130,186,244,244,244,245,245,176,79,38,36,35,36,38,84,130,150,163,165,172,164,140,113,89,71,52,42,42,52,70,112,146,158,152,143,116,92,92,107,121,138,145,138,117,97,88,98,126,160,192,221,228,208,175,148,124,97,71,70,96,138,191,224,243,245,244,245,245,234,192,162,141,124,120,126,153,183,212,209,194,184,189,200,202,181,150,111,78,56,39,38,37,36,36,41,84,93,63,40,36,36,36,36,38,63,114,167,200,200,156,105,57,38,37,36,35,35,35,35,35,36,36,36,36,41,66,75,62,49,46,64,84,106,140,177,217,243,245,245,245,245,245,245,234,221,231,245,245,245,245,245,245,245,245,245,245,245,232,205,185,193,227,245,246,246,246,246,246,246,245,228,215,188,166,152,152,170,194,218,225,220,213,201,174,159,152,151,160,145,120,104,106,111,107,105,95,105,112,119,111,85,57,40,38,39,39,40,40,44,50,48,41,39,39,41,56,82,91,90,79,63,44,37,37,36,36,36,36,36,37,38,39,55,87,120,147,176,198,217,232,244,245,245,245,245,245,244,244,230,215,198,182,179,186,197,200,191,180,163,147,129,109,86,74,74,84,91,96,98,112,132,161,182,191,182,162,136,115,104,96,93,95,94,93,97,101,111,120,126,135,142,146,153,167,178,172,150,120,92,76,65,52,41,38,38,38,38,37,36,36,35,34,35,35,34,34,34,35,36,35,37,37,40,58,76,85,85,82,81,85,92,95,104,110,122,129,138,149,170,200,235,244,245,245,245,245,245,246,246,246,246,245,245,245,245,245,245,245,245,245,244,245,245
21,004,004_P8 10m Kunststoff,oben2.txt,P8,10.0,Kunststoff,Treffer,False,oben,2.0,,154,151,129,105,101,98,98,132,175,202,187,122,57,69,81,94,151,191,166,146,143,116,104,119,146,154,132,107,116,161,186,186,173,128,71,81,122,161,200,219,203,196,191,166,109,63,41,39,100,190,244,244,241,180,116,68,48,52,77,114,191,245,245,245,176,161,174,207,241,244,215,184,162,153,139,123,125,157,174,198,236,245,234,207,176,149,127,92,45,38,59,148,230,231,167,105,111,162,190,163,84,37,36,36,36,36,35,36,36,45,114,120,72,38,38,39,38,37,36,36,36,37,76,90,68,68,110,163,189,153,79,48,58,69,51,37,36,36,38,124,178,176,124,89,94,122,133,115,53,38,37,62,142,187,196,195,223,245,245,244,245,228,225,229,227,223,243,245,245,245,245,245,227,231,245,246,246,246,246,226,236,245,237,167,100,79,97,126,137,111,73,59,66,67,50,38,37,36,36,36,38,67,97,103,103,120,132,142,135,123,111,115,122,132,128,96,38,37,36,36,36,55,152,232,242,245,234,194,164,173,216,243,245,245,245,245,245,245,246,246,229,171,148,129,117,114,123,155,180,202,226,243,244,244,244,245,245,245,245,245,245,245,245,245,245,244,211,155,110,79,44,36,36,36,36,36,35,35,35,34,36,45,42,36,36,36,37,48,71,74,74,74,81,82,95,116,147,170,174,145,103,81,80,86,76,62,63,83,100,88,41,36,36,36,42,89,110,109,106,108,114,116,121,129,143,153,172,193,205,206,213,238,245,245,245,244,245,246,245,245,245,233,220,219,214,206,176,157,152,163,157,140,119,103,95,96,77,50,38,36,36,35,35,35,35,34,34,34,35,34,34,36,36,37,40,53,64,73,82,89,99,97,87,88,89,103,122,133,138,132,127,107,82,71,76,85,83,81,82,88,89,78,72,71,85,99,113,132,155,177,199,209,204,203,215,240,244,245,245,245,244,245,244,245,244,245,244,244,245,245,244,244,206,186,181,190,213,231,245,245,245,245,245,245,245,245,239,245,245,245,245,245,245,235,221,206,177,134,82,40,37,37,37,36,36,36,36,36,36,36,36,36,36,36,36,36,38,49,66,80,93,106,115,123,134,152,165,169,162,151,138,118,102,94,104,122,146,163,171,179,193,212,235,245,245,245,245,245,245,245,245,245
22,004,004_P8 10m Kunststoff,unten1.txt,P8,10.0,Kunststoff,Treffer,False,unten,1.0,,198,190,158,55,38,36,35,79,241,244,244,189,98,37,36,36,93,54,41,150,242,245,213,125,108,145,139,92,38,38,173,244,245,87,37,37,186,244,245,245,245,245,156,67,38,36,36,240,39,239,245,245,245,205,91,39,40,35,35,35,36,240,42,220,46,226,124,242,245,244,41,240,243,245,40,106,240,177,243,114,124,39,38,96,156,189,216,231,165,221,40,35,35,87,193,243,245,245,245,245,222,199,173,244,105,35,143,240,77,241,244,245,245,245,245,161,38,241,40,203,243,245,245,245,245,245,245,245,173,105,80,240,244,245,245,112,36,240,244,41,182,244,245,208,131,66,45,36,35,241,242,40,119,143,99,130,163,205,191,164,70,38,37,190,244,244,244,244,245,245,245,245,231,212,244,245,245,245,245,245,245,245,245,245,245,245,245,245,245,245,245,245,245,245,245,245,245,245,245,245,245,245,244,245,245,245,245,245,245,245,246,245,245,246,175,156,143,199,208,156,52,36,35,35,35,35,35,35,35,241,244,129,37,36,36,36,36,240,244,245,242,241,237,245,245,245,245,245,245,245,245,245,41,36,36,36,36,240,42,36,124,211,193,146,210,244,246,246,247,246,246,246,246,246,245,245,245,245,245,245,245,245,245,245,245,245,245,245,245,245,245,245,245,245,245,244,244,244,245,245,244,245,245,244,245,245,245,245,245,245,245,245,245,245,245,245,245,246,246,246,246,246,246,221,206,203,214,195,166,160,175,189,184,167,166,157,142,137,115,102,122,165,232,244,245,245,246,246,246,246,245,245,245,245,245,244,244,245,245,245,245,245,245,245,245,245,245,245,245,245,245,245,245,245,245,244,244,244,244,244,245,245,244,244,244,244,244,244,244,244,244,245,245,245,224,183,144,112,99,118,149,168,148,122,89,70,53,39,37,36,36,36,36,35,36,36,37,37,37,37,37,37,37,36,36,36,35,36,37,38,74,123,175,213,227,224,182,131,150,174,200,215,210,215,235,221,226,231,236,240,243,244,245,245,244,245,244,245,245,245,245,245,245,246,245,245,245,245,245,245,245,245,245,245,245,245,245,245,245,245,246,246,246,246,246,246,246,246,245,244,244,245,245,245,245,245,245,245,245,218,201,183,150,124,105,99,89,75,57,53,61,124
23,004,004_P8 10m Kunststoff,unten2.txt,P8,10.0,Kunststoff,Treffer,False,unten,2.0,,177,181,136,80,38,40,36,105,180,244,245,207,67,95,45,39,111,118,71,157,229,189,114,61,86,146,169,66,37,73,158,175,97,37,37,41,95,219,243,245,245,244,109,36,35,34,133,179,207,238,237,187,228,217,59,36,35,78,188,231,93,201,243,245,215,111,76,112,189,148,62,37,36,40,236,244,245,245,245,196,58,43,102,119,39,36,36,101,241,207,40,107,242,39,139,217,159,66,71,241,243,244,244,153,36,35,36,34,34,36,112,240,244,245,42,36,35,139,242,245,245,245,193,190,179,243,245,180,148,238,245,245,245,245,162,37,35,35,190,244,244,245,162,120,120,207,244,162,98,90,109,126,184,226,244,245,117,39,36,35,35,35,36,240,244,245,245,246,245,246,42,36,36,36,36,36,36,39,36,35,120,239,231,167,68,102,241,244,245,245,245,245,245,245,245,245,245,245,245,245,244,245,245,244,244,245,245,244,244,244,245,245,244,245,245,244,245,244,245,245,245,245,245,245,245,245,245,245,245,221,218,222,181,120,55,38,36,36,241,244,192,38,37,36,36,240,243,245,245,244,41,35,240,243,243,244,245,245,245,245,245,246,244,245,245,245,245,245,245,245,245,245,245,245,245,44,36,36,38,106,150,128,58,129,196,241,244,245,245,246,246,246,246,246,246,246,246,245,245,244,244,245,245,245,245,245,245,245,245,245,245,245,245,245,245,245,246,245,244,245,245,245,245,244,245,245,245,245,244,244,245,245,245,245,244,245,244,245,245,245,245,245,245,245,245,245,244,219,174,138,100,66,37,37,36,35,36,36,36,36,35,36,37,38,38,37,37,37,40,67,80,71,52,38,37,36,35,35,36,36,36,36,37,36,37,109,192,241,244,245,245,245,245,245,247,247,246,246,246,245,245,245,245,245,245,245,245,245,245,245,245,245,245,245,245,245,245,245,245,245,245,246,246,246,246,246,245,245,244,244,245,245,245,245,245,224,214,193,147,97,56,60,89,115,130,128,126,136,144,160,181,202,219,228,221,214,211,210,203,188,176,178,192,211,219,217,210,217,216,171,165,210,243,245,245,245,245,237,235,245,245,245,245,245,245,246,246,246,246,246,246,246,245,244,244,245,245,245,245,245,245,245,245,208,171,164,151,167,189,212,236,208
24,005,005_P8 10m Holz  PE,mitte1.txt,P8,10.0,Holz_PE,Treffer,False,mitte,1.0,,159,111,129,124,159,119,86,103,134,198,177,124,75,98,131,160,145,106,157,136,166,107,112,135,150,150,110,77,112,157,165,133,78,125,186,218,171,90,48,117,204,181,108,86,131,236,219,201,169,139,142,123,82,92,131,161,127,130,107,162,162,105,79,149,243,245,216,79,41,37,44,66,67,94,213,244,245,245,99,40,41,42,37,36,37,82,150,179,176,155,125,90,77,74,53,70,105,124,122,115,130,160,155,128,110,169,201,204,136,48,37,73,118,118,95,100,157,202,200,160,113,56,55,72,90,115,128,109,95,94,115,129,110,100,127,190,244,246,246,225,196,175,166,142,116,118,129,176,207,219,198,138,85,71,99,152,168,146,108,106,106,86,44,38,39,103,158,174,143,115,117,145,151,135,108,102,120,125,145,163,205,236,244,219,177,133,113,101,89,78,89,104,97,76,73,94,126,139,130,97,65,63,60,48,39,54,90,115,124,122,114,113,113,119,130,149,177,197,202,193,181,183,187,183,168,145,137,140,147,155,164,184,210,231,234,213,180,148,128,112,106,112,127,148,160,157,154,160,168,172,169,151,130,109,93,89,94,100,97,83,62,50,42,43,50,54,54,45,39,39,38,38,37,37,37,62,101,136,163,177,176,173,169,169,168,161,157,158,162,167,174,182,196,209,218,228,235,237,236,228,214,201,191,201,217,237,245,245,244,244,245,245,245,245,230,209,187,166,147,128,112,97,82,65,41,37,37,36,36,36,36,36,37,38,38,38,38,38,37,38,39,41,46,54,58,52,41,37,37,37,37,38,40,60,85,104,117,131,147,162,174,185,194,205,221,232,234,234,237,244,246,246,232,216,207,203,203,210,216,215,209,198,192,190,196,200,204,208,206,201,186,165,145,129,127,136,148,164,173,170,156,139,122,111,105,101,100,99,93,84,69,56,48,48,56,69,79,87,90,89,91,97,104,110,113,110,105,93,80,67,59,54,52,47,42,38,38,38,38,38,38,39,43,58,73,86,100,112,128,148,170,190,203,208,206,206,205,206,208,206,206,202,197,191,186,181,180,180,180,179,177,176,176,178,185,194,204,216,224,228,229,227,223,218,210,202,194,184,171,159,146,134,126,119,112,107,102,97,91,86,81,77,75,69,65,62,64,64,67,71,75,69
25,005,005_P8 10m Holz  PE,mitte2.txt,P8,10.0,Holz_PE,Treffer,False,mitte,2.0,,160,151,132,112,111,124,119,144,151,190,126,93,86,112,159,120,108,117,150,187,178,88,47,83,197,215,124,60,69,159,198,171,114,97,141,192,189,90,58,116,164,151,136,104,128,186,194,193,156,114,101,82,86,121,180,137,98,79,155,222,196,106,55,117,241,244,166,39,36,36,197,243,224,130,128,219,244,218,39,35,35,59,154,185,162,146,140,131,116,72,60,88,115,122,134,127,117,115,126,171,198,151,51,37,37,110,221,230,145,71,69,154,239,246,214,114,48,39,76,117,138,149,176,173,173,152,68,36,36,36,76,173,206,197,171,144,122,121,153,185,238,245,246,221,152,79,58,90,156,222,223,186,132,100,81,54,37,36,37,113,155,118,41,36,38,96,153,173,177,163,174,181,182,180,192,200,192,155,118,116,148,186,173,122,66,69,113,153,152,112,65,39,40,46,69,96,133,181,199,197,171,132,81,39,37,38,91,158,184,174,150,139,123,105,96,111,144,181,212,215,215,222,228,217,191,164,135,131,134,154,174,198,213,212,193,156,113,74,58,72,109,149,166,156,132,118,117,121,126,133,135,133,129,120,113,105,100,94,97,99,112,113,102,82,61,52,53,47,40,36,36,36,37,39,46,62,80,100,119,140,160,178,191,192,177,160,151,154,159,158,144,132,131,142,156,162,163,171,190,216,230,228,214,206,211,227,243,245,245,244,245,244,244,245,244,235,223,215,199,173,141,107,79,55,40,36,36,36,36,36,36,36,36,36,37,38,44,55,63,67,64,59,50,38,37,37,37,37,37,38,37,38,39,62,98,121,135,146,161,187,217,243,245,245,245,245,245,245,245,233,215,191,172,154,145,142,145,143,137,121,108,102,104,114,132,149,162,165,160,149,140,136,140,154,171,187,194,185,168,145,125,109,99,92,90,87,84,76,69,66,65,69,75,82,90,100,108,112,113,115,123,137,149,155,154,149,144,138,131,123,110,95,78,57,41,38,39,40,39,41,40,40,42,51,64,82,106,131,153,166,171,171,174,183,195,205,213,217,212,203,188,177,171,172,179,188,195,196,193,188,186,183,184,184,187,193,199,206,207,203,196,191,190,187,181,171,157,141,124,112,106,106,109,112,112,109,107,103,102,100,99,100,103,108,112,115,118,120,117,112,103,108
26,005,005_P8 10m Holz  PE,oben1.txt,P8,10.0,Holz_PE,Treffer,False,oben,1.0,,157,134,146,128,136,151,129,132,117,155,119,123,100,122,144,155,174,160,119,103,158,120,154,99,53,89,165,194,187,127,106,148,148,127,122,117,91,128,122,132,125,126,118,126,128,127,148,133,109,99,140,125,133,86,66,97,145,160,142,106,109,128,135,115,68,67,89,142,157,167,112,97,105,111,121,121,98,110,136,172,175,132,81,110,157,144,76,37,44,167,243,244,139,41,37,87,117,108,114,156,177,177,111,89,76,91,96,126,184,223,213,152,84,55,64,105,142,160,151,151,139,163,184,200,196,161,93,39,37,36,94,231,245,245,245,131,45,37,36,37,69,140,185,230,245,223,130,38,36,37,109,194,213,160,113,98,112,155,208,228,244,205,116,37,36,36,36,39,149,242,244,245,221,156,95,74,80,129,189,244,245,245,245,212,153,105,79,76,80,75,45,37,36,36,50,97,120,158,216,243,245,245,196,184,220,244,245,244,244,245,244,245,225,143,52,37,35,34,34,35,36,36,37,39,48,76,120,166,201,217,220,235,244,245,245,245,245,245,228,132,65,40,39,58,72,77,70,47,38,37,36,36,39,88,117,114,79,42,37,40,88,149,204,231,228,185,128,66,38,39,72,119,142,115,61,40,49,103,151,185,196,204,216,227,225,208,195,205,239,245,245,245,245,187,132,104,105,120,128,130,121,111,99,85,69,53,53,78,119,157,182,194,199,205,217,217,194,144,95,63,47,40,37,37,36,36,36,36,36,36,36,36,36,36,37,38,41,72,108,142,171,195,214,234,244,245,245,245,245,222,200,176,159,141,122,109,112,126,146,152,146,139,143,165,191,217,231,242,244,245,245,245,245,245,245,245,245,245,245,245,245,225,206,204,205,205,192,164,127,90,61,47,45,53,68,87,106,113,112,103,97,93,104,120,129,111,73,39,37,36,36,36,36,35,35,36,36,35,35,36,36,36,36,35,35,35,36,36,36,37,38,49,64,72,68,46,38,37,45,85,106,113,109,120,138,153,177,192,203,234,244,245,245,245,245,245,245,245,245,245,245,245,245,245,245,245,245,245,245,245,245,245,245,245,245,245,245,245,245,245,245,245,245,245,224,204,188,177,172,173,171,160,144,129,117,104,74,40,36,36,36,36,36,36,35,35,36,36,36,36,36,36
27,005,005_P8 10m Holz  PE,oben2.txt,P8,10.0,Holz_PE,Treffer,False,oben,2.0,,154,173,163,161,114,86,93,99,158,154,73,61,165,234,235,152,66,56,120,193,167,119,77,119,156,169,133,113,120,129,151,159,132,139,131,138,121,88,87,98,76,94,151,178,187,170,138,117,122,123,88,61,60,124,205,209,162,108,103,122,125,90,69,102,173,210,202,130,108,113,136,106,79,93,152,213,209,141,85,79,134,186,171,121,97,111,105,116,142,156,159,157,137,104,86,88,113,171,213,223,189,107,39,37,56,157,227,235,186,114,40,36,56,165,243,245,191,92,37,36,36,102,241,244,245,245,137,39,36,35,37,129,202,215,171,108,59,47,50,99,164,221,220,190,152,113,91,65,60,90,152,205,206,143,49,36,36,38,120,209,243,244,188,129,85,72,79,106,135,175,225,243,245,245,182,133,96,68,48,49,60,72,73,80,108,151,194,210,208,195,168,128,89,65,81,134,206,243,244,245,245,245,135,41,36,36,37,78,138,151,127,85,60,57,74,101,133,170,202,227,238,235,224,226,240,241,222,176,121,82,77,100,125,146,139,110,66,36,35,35,36,36,36,38,51,52,39,38,37,37,52,101,156,207,240,239,216,178,151,137,142,162,191,217,223,218,206,194,179,161,141,134,150,175,189,186,180,185,192,191,178,154,136,132,140,146,136,119,108,101,95,96,98,106,113,112,106,105,115,137,163,180,181,167,146,117,91,67,55,60,77,92,83,46,38,36,36,36,37,37,36,35,35,36,38,64,101,142,172,191,194,185,178,183,196,212,225,229,229,220,202,181,168,170,188,211,223,231,229,227,223,225,228,240,244,245,244,244,244,244,244,244,244,245,245,245,245,245,245,228,207,193,181,169,151,131,109,93,83,78,76,73,66,60,61,57,42,37,36,36,37,37,36,36,36,35,35,35,34,34,35,35,35,35,36,37,37,36,36,36,35,35,36,37,38,39,39,39,39,53,79,106,126,140,149,157,164,171,181,185,192,223,245,245,245,245,245,245,245,245,245,245,245,246,246,246,246,246,246,246,246,245,245,245,245,245,244,244,244,244,245,245,245,245,245,236,232,238,230,202,164,146,143,147,132,117,110,106,106,102,91,77,62,42,37,36,36,36,35,35,35,35,35,35,35,35,37,36,36,36,36,36,36,36,36,36,35,35,36,36,35,36
28,005,005_P8 10m Holz  PE,unten1.txt,P8,10.0,Holz_PE,Treffer,False,unten,1.0,,162,126,151,104,112,112,114,172,131,125,82,91,171,178,123,109,110,179,203,119,72,37,139,198,244,194,127,138,120,37,36,85,239,244,244,127,63,40,35,37,39,190,244,245,245,97,38,118,180,100,71,96,119,153,105,60,106,240,244,245,193,64,35,35,35,125,242,244,244,135,38,36,83,241,244,111,40,37,102,153,148,143,126,103,143,179,194,132,74,36,101,202,243,244,119,43,37,37,37,54,204,244,245,245,145,37,35,36,37,193,242,244,140,45,69,172,231,161,41,37,70,150,120,50,41,120,223,245,245,125,46,42,85,142,115,80,64,56,49,62,91,121,144,162,180,229,241,202,118,77,92,136,162,156,152,156,190,209,182,124,99,93,123,155,182,167,133,118,145,172,161,120,65,58,101,157,170,140,113,98,109,111,106,112,161,223,245,245,168,91,70,113,173,212,189,148,118,127,132,137,109,104,124,161,174,133,49,36,36,37,90,127,126,101,76,69,62,56,46,56,86,121,140,132,103,68,54,72,113,163,203,220,216,188,162,135,119,120,124,140,149,156,153,150,152,158,178,208,236,244,245,236,240,241,236,223,202,192,193,202,200,193,178,170,157,147,134,124,123,131,137,135,139,142,154,161,157,151,156,176,192,190,177,163,162,175,188,175,144,104,83,94,117,123,105,82,71,73,78,84,85,90,99,117,129,133,129,127,131,138,142,145,143,136,115,90,69,58,59,65,67,63,51,40,37,38,37,37,37,38,40,49,62,74,80,86,98,108,123,133,139,139,136,133,133,129,117,98,76,57,46,45,53,70,84,90,89,92,99,108,122,141,167,196,216,227,232,233,233,224,206,188,176,171,168,160,150,142,139,143,150,156,157,154,149,152,162,177,189,202,206,212,214,210,195,173,154,136,119,104,86,69,46,38,36,35,35,35,35,37,37,37,37,38,39,40,45,64,84,107,126,147,160,164,160,148,133,119,111,105,95,85,67,49,39,39,39,39,39,45,63,81,95,110,122,132,142,154,171,192,212,229,237,237,234,229,225,216,202,185,171,159,150,144,141,146,152,161,169,173,172,166,162,160,161,161,158,154,150,149,146,140,133,127,123,122,120,117,113,106,100,97,99,105,109,113,113,116,120,122,120,113,107,105,103,99,91,85,79,75,70,105
29,005,005_P8 10m Holz  PE,unten2.txt,P8,10.0,Holz_PE,Treffer,False,unten,2.0,,154,132,158,151,137,114,112,104,148,134,148,60,96,77,217,208,197,111,67,38,79,89,206,244,211,123,46,75,128,173,163,104,133,208,160,132,63,111,132,169,118,152,140,242,244,159,78,41,143,243,173,39,36,37,241,244,245,117,37,139,235,193,77,37,38,187,244,245,245,43,36,36,37,37,54,171,243,245,187,40,35,75,239,245,159,42,39,181,244,245,160,41,37,38,92,134,133,58,36,36,37,39,37,36,95,230,245,245,155,54,48,39,93,157,243,245,245,245,222,221,244,245,245,180,144,99,86,100,87,41,37,64,166,208,184,133,99,89,77,55,49,101,173,239,246,213,131,45,39,97,146,150,79,38,36,38,117,184,162,110,85,100,105,71,51,52,83,120,148,170,167,171,167,163,121,78,57,48,68,109,150,152,122,85,73,64,83,118,149,145,114,70,57,86,142,175,182,181,184,193,197,189,168,161,194,243,245,245,245,197,152,125,119,145,196,243,245,245,220,169,148,152,136,99,59,56,79,104,102,73,56,66,119,179,213,202,147,88,42,38,37,36,35,35,35,37,58,94,113,105,77,49,38,38,39,40,38,39,41,79,134,179,207,209,197,172,168,179,199,219,232,236,230,222,218,214,209,202,211,240,244,244,245,244,245,205,175,177,189,199,201,208,226,244,245,230,210,201,207,221,226,219,207,198,190,184,184,193,204,207,197,169,141,120,108,110,118,121,120,120,126,134,138,124,103,86,80,78,83,81,73,65,56,55,61,74,85,94,91,80,66,56,46,39,39,38,38,37,37,37,37,37,37,36,36,37,39,40,44,60,80,93,102,106,111,121,128,136,139,139,132,119,103,92,89,89,93,99,106,118,134,147,158,171,187,206,221,228,224,220,216,210,208,206,205,199,191,183,176,176,181,189,189,184,171,155,136,117,101,80,64,63,79,96,104,104,100,104,114,125,127,122,114,107,100,87,73,60,60,67,76,82,81,77,75,78,85,92,100,107,114,117,115,110,102,100,103,107,108,104,96,91,91,89,86,81,69,55,42,38,39,39,41,51,66,81,100,116,127,136,143,158,175,188,190,183,168,155,149,146,141,138,130,123,115,108,99,91,84,79,75,70,73,79,92,105,116,128,139,152,165,178,186,192,195,201,207,214,217,217,221,192
30,006,006_P8 10m Vorbei,ssValues66.txt,P8,10.0,,Vorbei,False,,66.0,,145,145,143,142,140,138,135,133,130,126,125,122,120,118,118,116,116,117,121,123,127,132,135,139,142,145,147,149,150,152,150,151,150,147,144,141,140,137,133,131,129,127,126,125,125,125,127,129,129,130,132,134,136,135,138,137,137,137,136,134,134,132,130,127,124,120,117,116,113,111,110,109,108,108,109,111,114,116,120,123,127,131,133,135,136,134,136,135,136,134,133,131,128,126,125,122,119,119,117,116,115,115,116,118,121,123,127,132,134,137,139,141,143,145,144,144,144,143,143,141,138,135,133,130,127,126,123,122,121,121,121,122,124,127,130,131,134,136,136,138,139,140,141,141,140,139,138,136,133,132,130,128,126,125,123,121,120,119,121,120,121,123,126,128,128,129,130,132,133,133,133,133,133,133,133,132,131,129,127,127,125,123,121,120,119,120,119,120,119,121,121,123,124,125,127,128,127,129,128,128,128,129,129,128,128,128,128,129,129,128,128,129,129,129,129,128,128,128,129,130,130,130,129,129,128,128,127,128,126,127,126,125,125,125,124,124,124,125,126,126,128,127,130,129,130,130,131,131,131,131,130,129,129,129,128,128,127,129,127,128,126,127,128,127,128,127,129,129,130,132,133,135,138,138,140,142,143,144,142,143,143,143,142,141,140,139,138,137,136,135,136,133,133,133,133,132,132,132,132,132,132,132,133,133,132,132,131,130,129,128,126,126,125,124,123,122,121,120,119,120,119,121,120,120,121,122,123,124,124,125,125,126,126,126,125,125,124,123,122,122,122,122,123,124,124,125,126,128,128,130,132,134,137,137,139,140,141,142,142,142,142,141,141,141,140,138,137,135,135,134,132,130,128,127,127,127,127,126,125,125,125,126,126,126,126,126,127,127,128,128,128,129,130,131,132,132,132,131,130,129,128,127,128,125,125,123,122,121,121,121,120,119,120,119,120,118,119,119,119,118,117,116,116,118,120,120,121,122,123,124,124,124,124,123,124,124,125,125,126,126,126,126,125,125,125,125,124,123,122,122,123,125,127,129,130,131,132,133,134,135,137,137,138,138,139,139,139,140,138,137,135,134,133,131,130,128,126,127,127,127,127,127,126,125,125,126,128,128,128,129,129,130,131,133,135,136,136,136,137,136,136,134,134,132,130,129,128,126,126,124,123,132
31,006,006_P8 10m Vorbei,ssValues67.txt,P8,10.0,,Vorbei,False,,67.0,,145,146,147,146,145,143,143,141,138,135,133,131,129,129,128,127,127,128,128,130,132,133,135,136,135,137,137,137,137,136,135,135,133,132,129,127,127,125,123,122,121,120,119,121,120,120,121,122,124,125,126,127,129,128,128,129,130,131,131,131,130,129,128,127,128,126,125,125,124,124,124,124,124,124,125,126,128,129,131,133,135,137,137,137,137,136,135,135,134,133,131,130,129,128,128,127,129,128,127,129,128,127,129,127,129,128,129,129,130,129,129,129,129,128,126,127,127,126,124,123,122,121,121,123,123,124,126,128,128,129,130,130,130,131,133,133,132,132,132,131,130,129,127,127,126,126,125,125,125,124,124,126,128,128,130,132,133,135,136,135,138,138,139,140,141,142,141,141,140,139,138,137,136,134,133,132,131,130,129,128,128,128,129,129,129,129,129,130,130,129,128,126,127,126,126,125,124,123,120,119,120,117,117,116,115,115,115,116,117,119,120,120,122,124,126,128,128,129,129,129,128,126,127,127,126,125,124,123,123,122,122,123,124,127,129,130,132,135,138,139,141,141,144,145,145,144,145,143,145,142,142,140,138,137,133,133,131,129,127,127,127,126,125,125,126,126,126,127,126,126,127,127,126,127,127,128,126,127,126,125,125,123,124,124,124,124,123,122,121,120,119,121,120,121,122,122,121,120,119,121,121,121,121,121,121,121,121,121,121,121,121,121,123,125,126,127,128,128,128,130,131,133,134,136,135,137,137,136,135,135,133,132,130,129,129,127,129,129,130,131,132,133,135,137,136,136,137,138,139,140,142,143,143,143,142,140,138,136,133,131,128,124,124,121,119,120,118,119,120,119,120,119,122,122,123,124,124,126,127,129,129,130,132,134,135,136,134,135,134,133,131,129,128,126,126,125,124,123,122,121,121,121,121,123,124,125,126,128,128,128,129,130,131,132,132,132,131,130,129,129,129,129,129,129,129,129,130,130,130,131,132,132,134,137,137,137,137,137,137,137,136,136,135,137,135,136,133,132,133,133,133,133,133,133,133,133,133,132,131,133,134,133,133,132,132,131,132,131,131,130,129,128,127,128,126,126,125,125,125,125,125,125,124,124,124,124,125,126,128,128,129,131,133,134,134,134,134,133,133,133,132,131,130,129,129,129,127,128,126,127,127,129
32,007,007_G36 10m Holz eigene,mitte1.txt,G36,10.0,Holz,Treffer,True,mitte,1.0,,145,123,131,147,117,124,129,110,136,133,123,132,115,130,137,137,137,125,122,121,134,139,127,119,126,138,133,129,103,121,131,145,149,150,123,126,124,127,152,125,131,130,134,122,137,113,122,136,122,145,139,126,127,125,115,126,139,147,149,131,125,129,136,133,137,126,130,117,125,121,127,120,133,135,147,125,132,120,130,132,126,124,118,140,142,150,128,117,111,124,139,136,130,126,124,123,125,123,129,137,137,121,118,128,137,145,139,141,140,135,118,100,89,102,117,131,127,115,108,109,116,118,127,138,149,156,156,146,135,126,120,127,134,139,140,141,145,148,143,129,107,93,93,94,91,92,104,122,137,151,154,154,150,142,139,124,116,118,131,132,126,124,132,150,164,172,171,162,147,140,133,127,114,101,102,116,134,148,148,141,135,131,127,121,109,104,104,105,111,114,113,110,116,126,138,138,128,117,120,127,135,137,135,135,134,144,155,165,166,162,155,150,147,141,133,122,118,119,125,122,118,115,115,118,127,136,140,144,143,147,145,136,126,127,134,144,147,142,138,131,128,126,124,116,108,100,94,91,86,85,88,96,103,112,114,113,110,109,110,113,117,125,134,144,151,157,156,153,148,147,146,145,140,138,139,144,148,153,159,164,166,164,158,151,144,134,128,123,125,130,138,142,144,140,137,136,134,131,124,115,107,104,104,107,109,109,110,114,120,124,126,125,123,120,120,122,125,127,126,125,123,120,115,112,109,112,117,123,126,129,129,130,131,130,129,131,137,143,150,151,152,152,154,158,163,166,169,168,165,162,156,148,135,122,111,108,109,113,115,116,116,117,121,123,126,129,131,134,133,129,124,120,117,119,125,131,135,140,140,139,138,135,132,127,122,116,114,115,118,120,120,119,121,123,127,131,132,131,129,126,124,119,117,116,117,120,121,120,118,118,117,114,107,100,96,93,95,94,91,86,86,88,92,98,102,107,111,116,122,128,132,135,135,136,136,137,139,141,143,146,147,149,150,152,151,151,148,144,142,143,145,145,147,151,156,160,164,167,170,170,168,165,163,158,154,150,147,145,144,142,140,136,131,127,125,123,120,117,115,110,107,104,101,100,98,97,98,102,106,109,112,113,115,117,118,119,121,123,127,131,130,131,133,135,135,136,137,140,143,146,146,135
33,007,007_G36 10m Holz eigene,mitte2.txt,G36,10.0,Holz,Treffer,True,mitte,2.0,,147,140,134,126,129,114,117,117,128,136,139,129,140,137,143,143,122,112,111,124,128,142,137,130,131,133,137,121,118,124,134,142,148,140,127,131,124,118,113,107,116,121,119,119,126,133,136,133,144,153,155,147,136,133,138,146,154,149,142,140,148,152,139,126,114,108,104,92,91,96,107,125,132,134,135,140,148,155,145,126,105,100,99,120,139,160,159,158,151,148,142,134,130,128,121,116,118,117,119,128,142,155,163,169,169,155,130,107,95,92,96,102,113,116,117,119,121,121,116,111,109,109,108,104,103,111,121,131,144,154,165,169,165,157,147,135,127,121,120,125,136,139,140,135,131,125,119,116,109,107,112,124,132,134,131,129,133,141,146,150,154,156,152,138,121,109,102,103,106,107,111,110,107,100,97,95,105,113,121,122,118,114,110,112,117,130,145,159,167,169,167,162,152,140,131,126,127,132,136,145,158,172,176,173,168,160,152,145,140,139,142,148,152,152,148,144,139,135,129,123,117,113,109,107,102,97,93,95,99,103,113,118,121,120,120,119,118,114,108,106,105,105,103,103,104,104,104,103,105,106,108,110,112,113,117,120,121,124,131,140,150,159,164,166,167,168,168,171,173,177,177,173,168,158,150,143,138,132,131,129,125,123,121,116,113,109,112,116,124,129,132,134,137,136,134,133,133,136,138,140,141,141,141,138,135,134,133,132,131,130,126,125,124,124,125,126,126,127,129,128,127,125,121,117,117,119,122,123,125,126,126,124,121,115,111,108,105,103,102,99,97,97,97,97,96,94,96,96,99,103,106,108,112,116,122,127,133,138,143,149,152,153,155,153,151,153,152,154,155,157,158,160,161,160,158,158,159,160,160,160,158,157,156,151,150,145,141,139,138,136,134,135,133,131,130,128,125,123,116,110,106,102,99,96,93,94,95,96,95,98,96,97,100,104,107,109,111,113,112,114,118,123,125,132,135,138,140,141,142,141,141,143,145,145,145,144,143,144,142,142,142,145,146,149,151,151,151,151,150,146,141,139,140,140,139,137,136,135,135,132,127,123,121,119,120,116,117,118,119,118,114,111,110,110,112,111,114,115,117,119,122,124,127,131,133,136,136,136,135,135,133,132,130,127,125,123,122,122,122,121,120,120,120,119,119,119,120,120,121,123,125,119
34,007,007_G36 10m Holz eigene,oben1.txt,G36,10.0,Holz,Treffer,True,oben,1.0,,150,141,143,125,126,134,145,129,124,122,124,149,133,141,129,129,123,137,125,122,132,135,137,121,131,131,132,117,118,125,144,153,132,122,118,125,127,125,106,111,126,138,137,133,129,121,120,130,143,139,145,126,127,132,140,138,129,128,127,135,134,137,133,122,122,125,134,131,125,120,121,120,122,129,125,134,134,131,122,121,116,121,126,132,133,127,131,123,123,122,124,116,117,122,133,140,140,131,126,126,120,122,121,124,127,129,133,138,135,135,129,124,117,122,127,134,133,136,134,135,138,136,130,127,126,130,131,132,132,129,129,127,126,124,121,115,116,121,129,135,138,138,138,134,136,131,124,119,119,124,132,139,147,152,150,147,139,135,133,125,118,120,128,133,136,134,136,142,147,143,129,112,110,115,120,124,140,159,166,155,136,121,113,108,100,89,86,91,98,104,113,122,136,147,157,166,171,170,161,149,144,138,139,141,144,154,169,177,176,161,139,115,94,83,78,84,100,119,134,138,132,119,105,93,89,88,95,103,110,116,119,124,127,132,135,138,139,140,139,138,137,139,146,151,156,158,153,148,145,144,141,138,135,137,140,142,140,130,120,114,110,111,112,114,116,121,124,126,126,122,117,116,115,114,115,114,110,110,111,109,106,102,105,110,119,123,122,120,120,121,125,129,133,139,143,148,147,147,147,148,153,157,161,161,162,161,159,161,163,168,170,171,167,164,159,154,148,145,144,146,149,151,150,146,142,138,133,128,122,117,114,112,110,110,109,103,98,93,93,95,96,94,96,94,97,96,95,98,98,101,107,112,114,116,115,112,110,108,103,99,93,92,90,90,89,88,89,90,94,96,95,99,100,106,113,121,129,135,140,142,145,147,150,151,152,152,157,163,165,167,167,169,171,175,177,175,174,173,171,171,171,172,176,178,180,182,184,186,189,192,191,194,194,194,191,187,178,170,165,159,153,144,136,131,128,124,120,114,110,109,110,111,111,111,111,111,110,108,102,101,99,98,97,97,97,93,91,86,83,79,75,68,61,57,54,56,53,55,57,61,69,73,77,81,80,83,86,90,93,96,97,100,105,112,118,124,126,128,130,135,138,137,135,136,137,142,148,150,153,154,159,164,167,170,172,175,180,183,186,187,189,190,189,187,183,181,177,173,173,173,173,187
35,007,007_G36 10m Holz eigene,oben2.txt,G36,10.0,Holz,Treffer,True,oben,2.0,,146,132,121,121,137,126,142,129,122,125,129,126,123,121,113,130,140,129,135,131,133,138,133,130,150,125,134,130,120,134,140,139,131,131,118,142,150,130,117,109,120,137,142,125,124,120,139,147,134,118,117,122,129,130,113,115,124,132,127,130,122,137,142,135,131,133,139,127,131,134,139,125,126,127,130,135,142,149,138,125,113,125,128,119,120,123,121,118,132,134,133,123,118,127,125,125,125,130,119,125,129,131,123,114,116,125,135,137,133,130,131,135,141,137,130,121,121,126,131,128,133,135,132,123,125,124,123,119,122,126,138,142,146,147,144,143,143,135,126,124,129,135,134,126,125,121,111,109,102,98,104,117,130,133,134,138,139,144,143,138,133,130,130,137,143,149,155,156,151,137,125,121,116,110,113,118,122,122,124,126,133,140,142,139,127,116,112,105,102,102,114,134,156,163,158,148,141,142,145,139,123,112,110,118,128,136,146,155,164,164,157,140,120,108,110,115,114,107,104,114,127,138,133,121,109,103,99,98,100,108,121,132,143,151,157,158,159,160,152,144,138,135,138,142,147,148,148,149,149,145,134,122,106,97,96,100,105,106,105,105,103,103,102,107,113,122,129,131,128,123,121,120,121,121,119,121,123,132,142,151,156,157,159,162,160,154,144,133,129,125,125,124,124,127,135,142,146,146,147,149,150,149,145,139,136,136,138,140,140,139,135,133,131,131,130,127,123,116,111,108,104,103,106,109,112,112,110,108,105,104,105,109,116,123,129,135,143,144,143,144,144,146,151,154,152,150,150,152,153,153,148,141,135,131,129,128,125,120,112,107,110,114,115,115,116,119,126,130,129,124,120,119,122,122,118,114,109,107,107,107,107,107,104,101,100,100,99,98,96,98,104,112,119,124,125,128,132,138,142,145,147,153,158,163,163,163,164,168,170,172,170,165,161,157,155,153,149,147,144,142,144,143,144,141,139,137,137,137,136,133,131,129,129,129,128,127,129,129,131,132,130,128,126,127,128,127,128,127,130,130,130,127,125,121,117,115,114,111,109,107,103,100,97,94,95,93,91,89,88,88,88,87,89,90,95,101,101,102,104,106,110,113,115,120,123,128,130,134,136,135,137,136,135,137,137,138,141,143,146,148,151,156,159,161,161,160,157,158,157,157,155,161
36,007,007_G36 10m Holz eigene,unten1.txt,G36,10.0,Holz,Treffer,True,unten,1.0,,147,133,136,105,130,126,140,117,143,113,149,126,131,123,132,137,129,125,120,133,150,119,143,89,151,111,160,106,136,121,154,141,121,118,106,166,125,132,102,133,128,153,147,104,108,124,147,163,154,129,110,94,97,97,118,146,191,193,173,139,76,87,52,94,113,168,165,178,164,120,95,63,83,120,151,205,206,182,116,71,74,87,134,136,146,146,175,167,156,126,119,129,135,140,135,127,119,126,120,133,166,202,207,173,126,71,68,66,91,113,115,127,139,157,118,98,77,95,81,99,125,158,177,158,149,125,106,91,84,108,126,154,144,130,86,82,88,112,112,124,137,146,147,123,120,120,135,143,168,179,182,174,149,117,91,95,121,161,179,173,145,125,110,101,94,104,124,152,185,193,173,144,124,108,108,126,145,157,162,158,156,148,144,136,127,130,143,148,144,133,127,125,127,131,132,129,134,138,137,134,139,136,136,135,128,112,103,97,94,98,101,108,111,121,124,128,121,109,99,90,95,101,113,118,118,111,118,127,141,144,145,146,142,146,145,141,128,117,117,118,121,118,110,101,107,127,145,153,151,145,136,133,134,133,134,136,138,147,157,163,162,156,154,159,162,162,153,142,135,134,136,136,137,133,133,131,126,122,121,126,134,143,146,144,139,138,134,131,126,126,126,124,122,123,125,124,121,116,113,112,110,104,93,82,75,79,93,105,113,115,118,118,118,119,118,120,126,137,142,142,141,138,138,140,143,139,131,124,122,127,132,133,131,125,122,120,118,120,122,126,131,134,132,124,117,115,121,133,146,150,147,138,130,128,129,130,129,125,124,122,119,117,116,117,121,123,129,131,130,125,123,122,124,123,122,123,130,140,151,154,150,145,138,133,127,121,117,120,123,127,127,123,120,122,126,132,132,132,130,129,128,126,123,117,114,117,125,135,141,140,138,137,138,138,137,134,133,130,129,129,131,135,139,142,144,144,142,141,138,135,135,133,133,133,133,132,130,126,125,124,127,132,132,129,124,121,120,120,121,122,122,123,124,126,128,126,126,126,125,123,122,122,121,119,120,121,125,128,129,132,133,132,130,128,127,130,132,134,135,136,135,138,137,138,138,137,137,138,137,136,134,133,133,136,141,149,153,150,147,142,140,138,135,132,130,128,129,131,135,138,138,132
37,007,007_G36 10m Holz eigene,unten2.txt,G36,10.0,Holz,Treffer,True,unten,2.0,,146,125,128,124,144,112,144,127,145,116,116,130,126,146,132,119,124,140,124,119,120,138,125,169,100,131,126,133,121,121,102,130,159,163,135,89,124,120,130,144,137,115,136,149,143,141,115,75,141,136,148,133,141,146,134,115,113,121,117,124,134,158,153,147,125,123,94,61,76,112,137,164,148,152,127,137,134,141,120,126,122,151,153,154,131,117,129,126,130,136,154,165,179,152,153,111,109,116,135,133,124,115,110,125,159,193,166,144,100,96,77,93,109,117,109,106,108,126,133,128,86,64,68,109,148,169,164,128,105,90,106,119,130,142,152,133,132,149,145,123,103,93,105,140,153,160,146,129,130,130,146,159,167,175,170,156,136,137,139,150,148,137,124,107,104,110,122,112,102,98,100,106,115,122,118,121,118,122,121,130,131,141,146,146,154,152,157,142,139,123,123,122,136,150,155,152,141,143,141,133,124,128,127,134,139,146,151,148,138,126,118,111,110,113,119,125,131,141,147,146,139,132,119,107,99,99,103,103,100,101,117,136,152,149,143,130,130,133,135,130,129,134,146,147,141,131,123,123,129,139,150,158,160,154,146,136,124,117,117,124,132,141,150,154,157,157,155,147,136,132,132,133,132,133,129,123,115,107,105,105,105,108,108,106,113,128,143,143,128,115,113,113,117,116,114,111,114,120,128,133,130,122,116,114,116,116,114,107,103,103,104,108,117,122,126,129,132,138,144,147,150,150,150,152,150,148,139,133,132,133,134,134,133,133,131,128,125,122,119,119,120,121,121,121,120,121,123,123,121,119,120,125,133,134,131,126,127,132,133,130,123,119,118,118,117,117,118,122,126,128,127,126,123,123,124,126,128,128,129,131,131,130,128,127,128,129,131,135,133,129,123,121,120,117,117,118,122,126,132,134,133,129,121,115,115,120,126,130,129,128,129,133,135,133,130,127,133,136,137,138,137,136,138,141,143,146,149,155,159,163,161,158,157,152,149,146,144,142,141,139,138,136,133,131,130,128,124,122,119,120,119,122,123,127,130,129,128,126,126,125,127,127,125,119,114,110,108,108,109,112,114,118,122,125,126,126,126,125,127,128,127,128,127,128,128,129,134,139,142,144,142,143,140,136,130,126,125,126,132,136,137,138,137,139,141,142,141,140,142,143,144,139
38,008,008_G36 20m Holz eigene,mitte1.txt,G36,20.0,Holz,Treffer,True,mitte,1.0,,146,138,122,111,118,137,137,138,125,122,137,136,137,125,128,119,130,140,131,122,114,119,129,139,135,142,124,123,129,123,129,132,124,129,136,136,140,127,112,119,125,150,149,137,113,110,123,148,148,135,129,131,129,120,118,119,118,122,129,146,142,141,126,116,119,130,126,118,116,111,134,134,142,137,137,133,129,122,122,123,122,141,149,157,153,140,123,100,92,107,114,118,130,142,146,143,135,136,132,130,122,117,111,108,106,118,134,146,134,127,119,119,116,117,117,122,136,145,148,153,163,173,181,178,173,162,144,122,105,98,105,121,130,134,135,132,127,123,120,114,115,111,107,100,91,91,98,116,135,151,164,162,158,145,129,112,104,103,113,118,122,116,108,106,116,122,124,123,117,113,111,114,118,122,127,135,139,143,144,135,131,129,131,137,139,141,147,156,162,161,155,147,141,136,133,136,141,150,159,161,160,155,150,142,137,139,145,148,150,148,139,133,127,121,116,116,120,125,133,138,140,141,137,132,126,123,115,104,95,94,98,104,111,116,118,118,115,106,96,89,91,96,99,106,110,116,121,123,127,133,135,137,134,133,130,127,125,123,122,124,125,122,117,113,112,113,118,123,128,133,139,141,140,139,140,144,148,155,161,164,166,165,162,157,154,150,147,145,145,149,153,155,153,149,147,146,145,145,142,140,139,139,140,140,137,133,133,134,137,136,134,132,127,125,122,119,117,115,115,117,119,117,111,103,96,91,94,96,96,93,92,90,90,91,91,91,92,97,101,108,110,111,113,114,117,121,124,126,126,125,124,123,121,117,115,114,117,122,125,127,128,128,130,135,142,147,152,157,162,166,170,171,173,174,174,174,172,167,162,154,147,141,136,130,128,127,130,129,129,128,125,125,123,121,120,122,126,130,129,127,128,128,131,136,138,141,144,141,138,133,127,124,121,119,121,122,122,121,121,121,123,124,125,124,125,129,133,137,138,140,143,147,147,144,138,133,128,123,119,117,114,113,113,114,115,117,117,116,115,114,114,113,112,111,115,118,123,124,125,126,128,131,136,138,140,141,140,139,137,136,135,137,139,144,148,151,153,151,150,147,143,140,135,132,128,126,128,129,132,134,137,137,136,134,132,130,129,130,131,130,127,125,122,120,120,119,121,121,123,124,123,120
39,008,008_G36 20m Holz eigene,mitte2.txt,G36,20.0,Holz,Treffer,True,mitte,2.0,,151,120,128,122,136,132,118,117,125,138,146,136,115,116,135,142,138,115,112,121,133,143,133,121,123,134,124,130,131,127,131,135,141,133,125,122,126,125,133,137,138,130,122,115,117,119,126,135,141,140,138,134,135,129,124,117,119,122,118,116,116,127,129,144,145,143,133,133,124,117,110,130,162,183,175,143,113,91,89,94,106,118,138,158,159,141,121,113,110,109,117,127,133,125,119,113,120,137,148,151,145,141,145,152,151,147,132,133,155,185,195,186,165,149,131,116,101,80,76,89,111,132,144,140,136,123,115,106,99,96,97,98,97,96,92,100,111,125,140,151,153,143,132,117,109,104,98,97,103,121,131,134,126,122,121,129,134,135,135,135,137,140,148,151,157,160,163,167,169,164,152,139,135,139,145,151,159,163,163,160,159,154,145,138,139,144,142,140,136,128,123,123,123,129,133,138,137,134,128,114,99,90,90,94,102,101,100,102,110,118,121,118,116,119,121,115,105,94,88,86,95,104,111,117,115,111,106,103,108,112,114,114,115,119,124,127,132,137,144,150,154,152,148,144,140,137,137,140,146,150,153,149,147,141,136,132,133,140,148,153,158,163,165,163,157,152,149,153,158,164,166,165,163,157,152,144,137,132,132,132,133,134,130,124,117,112,110,112,110,110,108,107,109,110,116,119,122,122,123,123,122,121,117,113,110,113,113,110,105,95,90,84,80,74,71,71,75,82,90,97,102,110,120,126,132,132,132,130,132,135,139,141,145,148,153,158,162,164,164,162,158,152,143,136,128,125,127,132,139,148,157,166,170,170,169,164,160,153,149,148,147,146,146,147,148,149,146,144,140,138,134,128,119,113,106,102,102,103,107,110,114,116,120,122,124,126,127,127,124,119,115,110,109,111,117,122,124,126,125,121,116,113,110,111,114,117,122,125,129,129,131,132,135,139,143,150,154,156,157,157,157,156,155,153,149,147,144,140,138,137,134,134,133,133,134,136,137,140,142,143,145,145,145,145,143,143,143,142,140,137,133,132,131,128,123,119,115,109,103,99,94,96,94,98,98,100,102,102,101,100,101,104,106,108,110,114,118,123,127,131,134,138,140,141,141,141,141,141,140,139,136,132,129,125,125,126,128,127,130,130,132,134,135,137,139,142,146,148,151,152,151,137
40,008,008_G36 20m Holz eigene,oben1.txt,G36,20.0,Holz,Treffer,True,oben,1.0,,146,130,118,121,124,138,124,134,145,151,143,125,116,118,127,127,131,130,146,146,136,123,112,108,119,135,127,135,137,135,130,128,119,119,114,122,121,128,139,137,132,120,124,132,147,139,134,124,123,138,145,146,134,129,134,135,134,123,119,117,133,142,141,136,119,118,118,119,114,121,130,123,130,137,135,127,120,110,109,115,130,131,133,131,134,134,130,121,117,125,131,133,134,134,133,128,125,126,132,131,129,129,130,134,137,135,126,124,131,138,139,129,121,118,124,131,133,132,126,126,123,125,122,117,120,130,138,141,140,133,127,123,129,137,140,140,141,139,139,139,130,115,104,108,118,127,129,128,125,130,132,131,126,121,120,125,135,144,145,146,148,152,157,166,165,152,134,119,111,112,116,120,121,126,139,149,148,128,108,98,96,98,100,101,100,105,114,127,136,134,135,137,138,136,132,126,124,124,131,142,152,158,162,163,161,155,143,131,122,122,130,135,137,134,132,128,125,124,124,125,124,122,120,116,113,111,117,127,142,155,163,159,146,126,111,102,97,96,102,113,121,124,121,114,109,110,111,110,107,106,107,110,111,114,118,126,135,143,147,146,143,141,141,142,144,144,144,146,149,154,157,159,158,155,151,149,146,141,138,135,137,138,140,140,138,136,136,136,136,136,134,129,120,114,113,116,122,127,134,141,147,149,147,143,141,138,134,130,124,121,119,118,115,112,109,110,109,108,106,103,102,102,104,105,107,109,110,112,115,121,126,131,134,138,142,146,145,141,136,130,129,127,127,125,122,119,118,116,115,112,108,106,105,106,108,112,115,121,126,134,142,150,157,160,159,158,153,148,145,142,141,139,139,138,135,130,123,118,116,114,114,115,118,121,123,125,127,129,131,134,138,140,143,146,146,146,145,145,144,144,145,143,142,136,128,121,115,111,110,111,113,113,114,116,118,121,123,128,131,136,139,142,144,145,147,150,154,157,161,163,163,160,155,150,145,140,137,134,134,134,134,134,134,135,136,135,136,131,129,127,128,128,129,130,132,133,132,128,121,115,109,104,99,96,94,96,93,95,99,101,105,106,107,107,108,108,108,105,102,103,105,106,109,112,114,117,119,119,116,112,107,105,102,103,104,106,111,118,124,129,133,138,140,142,144,146,149,153,155,158,160,142
41,008,008_G36 20m Holz eigene,oben2.txt,G36,20.0,Holz,Treffer,True,oben,2.0,,145,127,140,132,140,138,125,120,131,126,126,124,133,143,139,127,123,117,132,140,138,120,117,130,136,137,128,120,124,122,134,127,117,121,114,136,131,140,130,133,133,126,134,135,134,134,143,150,137,138,134,127,121,118,126,132,130,131,131,124,121,117,115,121,121,131,138,134,122,118,128,136,130,125,124,132,130,125,125,125,124,119,122,127,133,129,117,109,115,126,133,139,136,138,143,135,124,117,124,132,132,134,136,142,139,129,115,108,112,122,131,136,143,151,153,139,122,108,105,106,112,118,128,136,143,142,134,125,120,119,122,123,129,139,146,145,141,143,148,146,142,141,144,139,137,128,116,108,105,107,118,131,139,140,138,135,132,123,111,110,119,131,142,142,140,140,144,143,140,135,128,120,110,104,101,110,122,138,153,163,168,165,155,143,137,130,119,110,106,112,126,140,147,152,155,160,154,140,120,101,90,84,85,92,108,125,137,141,142,136,128,117,108,101,101,103,106,103,102,104,111,124,132,139,145,150,149,140,126,115,108,108,118,131,149,168,183,195,195,192,186,178,164,147,134,125,121,123,126,134,141,146,146,139,128,114,103,95,91,90,96,106,118,128,135,139,140,138,133,127,123,121,123,126,129,129,130,132,134,134,133,134,134,133,133,133,131,129,127,129,128,129,130,132,136,139,142,141,139,136,131,126,118,110,106,105,107,111,113,111,111,109,104,97,87,81,74,74,76,81,85,94,101,104,105,107,110,114,119,124,130,138,144,149,153,154,156,161,166,173,176,178,179,177,170,163,157,156,158,165,173,180,185,187,185,182,180,176,172,170,168,166,166,163,158,155,152,150,147,139,129,119,111,106,100,96,92,93,96,97,100,98,93,90,85,84,81,80,82,88,95,103,105,103,103,102,100,95,93,90,90,91,93,97,100,107,114,120,125,132,138,139,138,136,134,134,134,134,135,138,140,142,143,143,142,140,137,132,127,124,120,119,123,126,134,143,152,158,162,163,163,163,162,161,162,163,163,163,161,161,161,161,162,162,162,161,159,157,153,149,148,147,150,154,158,163,165,168,168,166,163,157,153,148,145,141,136,131,128,122,118,114,107,103,98,90,86,85,82,79,80,79,83,83,86,86,86,87,89,89,90,93,96,97,100,101,102,103,103,103,104,97
42,008,008_G36 20m Holz eigene,unten1.txt,G36,20.0,Holz,Treffer,True,unten,1.0,,156,118,140,123,158,93,150,115,133,126,125,130,122,137,134,120,133,143,121,114,126,138,130,146,120,129,106,151,115,141,104,133,114,180,145,133,105,122,121,135,115,123,111,140,143,166,130,149,104,113,134,134,131,114,134,109,120,98,142,155,156,151,133,130,132,108,91,97,131,152,168,125,131,100,110,105,111,148,197,187,147,101,77,104,104,122,120,140,155,162,140,129,137,131,140,140,133,110,127,136,159,169,150,159,153,153,128,121,94,114,103,132,126,143,122,114,104,90,89,102,138,142,143,126,112,99,115,135,157,163,144,114,81,71,94,115,131,115,105,95,108,99,92,84,108,123,149,150,149,131,134,126,130,119,130,151,157,170,159,161,132,127,120,131,146,160,167,169,166,157,147,136,127,123,142,179,200,197,169,133,107,109,133,162,167,164,170,174,166,137,112,102,115,133,147,149,137,120,113,112,108,105,110,127,139,144,136,115,91,81,83,93,109,114,115,117,113,103,92,86,82,85,95,114,121,128,133,132,127,122,122,124,126,132,143,145,143,136,126,121,122,123,124,117,110,103,106,110,115,111,116,123,134,143,147,147,149,158,164,165,159,153,147,148,152,153,156,160,161,156,155,149,143,139,145,157,164,162,151,140,131,129,131,131,132,138,145,154,159,161,157,151,143,135,128,120,114,109,106,104,103,108,108,106,99,91,87,84,82,85,88,93,98,100,103,102,100,97,102,113,122,130,138,141,143,143,140,134,131,127,124,116,110,111,118,127,133,130,126,122,119,125,127,133,135,135,136,139,142,143,142,144,145,149,153,151,149,144,138,133,126,120,114,113,115,119,123,125,125,124,125,127,129,131,131,134,135,138,139,141,142,146,149,155,154,147,138,129,124,122,122,122,121,120,119,119,119,119,125,130,132,132,129,125,123,121,120,120,119,124,129,135,144,147,146,142,139,134,130,125,119,114,113,116,120,122,125,127,127,126,125,125,127,129,127,127,127,128,126,126,123,122,123,126,130,132,132,130,128,123,121,118,115,115,118,124,126,129,127,127,127,126,128,128,130,132,133,137,139,140,139,138,135,134,134,134,135,135,136,136,137,140,140,138,133,132,130,131,131,132,131,130,132,132,132,135,139,144,150,157,158,154,147,141,136,131,128,123,121,122,126,141
43,008,008_G36 20m Holz eigene,unten2.txt,G36,20.0,Holz,Treffer,True,unten,2.0,,145,133,114,128,121,138,131,130,116,141,119,134,141,125,132,119,131,125,142,123,132,120,148,109,143,109,146,112,173,94,130,138,121,121,130,134,144,130,113,119,102,140,151,150,124,129,105,157,142,111,100,116,122,172,151,155,145,120,88,105,115,145,140,148,156,159,124,104,83,55,104,95,143,149,166,173,173,124,102,103,126,145,143,127,131,152,150,146,116,145,138,126,113,133,166,196,169,127,117,102,106,109,130,143,131,134,133,159,160,175,141,103,68,66,91,103,98,86,125,121,143,121,115,86,108,89,98,106,136,168,156,149,138,129,109,106,115,137,146,147,144,128,122,110,107,90,109,137,175,181,172,158,147,159,155,152,154,155,159,149,150,143,141,124,124,120,117,111,107,114,114,111,101,93,93,113,130,147,147,134,131,129,121,127,138,153,166,177,157,148,135,133,123,113,119,130,140,141,147,141,138,123,116,123,131,138,138,138,146,158,155,140,117,101,100,106,114,116,118,120,126,133,134,127,114,103,104,108,115,119,112,107,103,116,134,153,155,148,139,139,142,145,144,138,138,136,136,128,119,111,110,120,137,161,174,175,166,148,134,127,128,126,134,139,148,152,154,151,143,139,138,140,142,139,136,130,120,112,108,101,95,92,91,98,104,105,108,117,137,147,146,132,118,113,112,112,107,106,105,111,122,130,130,119,110,108,107,108,107,105,98,97,101,109,117,125,133,143,151,158,160,158,160,159,156,150,147,145,145,144,141,135,129,124,120,120,124,129,131,130,125,122,119,118,119,122,127,133,134,133,129,123,120,121,129,136,137,130,122,120,120,120,113,105,101,105,111,119,121,119,124,129,134,137,134,130,126,125,125,128,128,130,130,133,139,144,143,141,133,129,126,127,123,117,114,111,111,110,112,117,125,132,138,139,136,130,126,127,131,132,133,132,131,136,142,149,148,143,140,141,144,143,141,134,131,133,138,142,144,144,146,147,148,150,150,149,145,140,139,139,139,139,138,139,140,140,139,137,133,128,120,115,113,113,114,116,119,120,121,123,124,121,117,115,116,116,115,112,108,108,110,112,113,115,119,123,128,131,135,135,136,137,140,143,145,142,138,135,137,137,138,136,134,135,135,134,130,127,126,127,130,134,139,139,136,132,133,134,135,134,135,139
44,009,009_G36 100m Holz eigene,mitte1.txt,G36,100.0,Holz,Treffer,True,mitte,1.0,,145,131,119,130,122,131,133,123,130,130,119,150,142,122,114,120,132,136,134,130,122,127,139,115,131,140,121,132,121,129,134,137,133,117,128,130,146,103,123,123,122,148,140,140,124,120,135,138,123,123,118,139,143,150,122,115,121,129,139,138,137,122,122,124,118,115,138,135,148,134,118,124,133,140,125,134,129,127,135,134,120,118,115,128,134,125,142,134,133,123,117,121,148,172,174,154,128,108,112,119,124,115,112,120,128,128,128,124,121,125,126,123,105,102,103,104,103,124,152,170,167,143,133,143,164,174,161,150,134,130,116,103,94,105,130,150,165,154,140,118,106,101,110,116,113,114,113,120,137,142,149,142,134,112,107,104,94,82,80,103,124,135,126,120,112,125,140,144,142,140,142,140,141,138,136,139,145,146,146,140,133,124,126,132,139,140,135,120,105,101,114,131,151,161,158,158,156,149,135,125,123,139,160,171,168,156,142,136,130,126,125,130,130,129,124,118,116,121,130,145,151,152,142,133,123,124,129,128,118,113,113,117,121,116,113,111,116,122,126,122,108,98,91,88,84,78,76,81,93,107,118,127,133,132,131,127,123,117,114,118,128,135,141,138,131,127,129,133,138,143,146,146,147,147,148,148,146,145,147,151,154,153,151,152,152,153,152,150,148,145,145,143,142,143,143,143,145,141,142,147,152,154,157,157,155,150,143,136,130,128,125,123,119,116,113,109,105,101,101,101,99,98,96,95,96,89,86,84,85,91,97,101,104,105,109,113,116,117,117,115,115,114,112,109,108,109,111,116,118,124,128,129,130,130,130,133,134,134,135,140,148,154,159,161,160,161,162,161,162,160,159,162,161,159,158,156,152,149,147,143,143,142,142,143,145,146,147,147,148,149,152,155,157,158,155,150,147,141,136,129,126,125,125,123,119,113,107,105,105,106,108,111,115,117,121,123,127,130,132,134,136,136,136,134,133,131,131,131,130,127,126,123,118,113,106,101,98,94,95,94,93,90,90,96,101,109,115,120,122,124,125,125,126,129,132,138,142,146,149,151,154,156,159,160,156,152,146,140,134,129,125,125,126,130,132,134,137,139,141,144,144,145,144,141,139,135,134,134,134,135,135,135,135,134,131,127,125,121,117,113,107,105,104,104,104,104,103,105,104,105,107,104
45,009,009_G36 100m Holz eigene,mitte2.txt,G36,100.0,Holz,Treffer,True,mitte,2.0,,147,116,122,121,128,141,136,117,132,125,130,125,115,135,154,128,123,118,144,131,131,125,112,140,138,120,116,117,134,147,148,124,124,120,138,142,118,118,138,138,142,136,106,131,131,132,139,125,135,135,117,121,130,116,120,136,127,144,148,141,133,127,127,127,114,112,124,131,144,141,132,125,126,128,126,129,125,123,121,135,145,146,131,131,115,122,139,151,157,155,147,140,132,116,100,85,98,100,110,119,132,133,131,120,109,108,104,106,112,126,152,168,165,156,150,156,164,163,156,150,145,133,125,124,124,123,116,110,115,125,134,133,120,107,107,109,101,88,96,114,132,135,136,141,139,124,116,116,123,125,128,125,124,124,135,137,135,138,144,151,154,147,139,138,136,137,143,149,153,145,139,132,124,117,118,120,120,114,111,107,94,91,99,111,129,141,145,141,136,132,132,132,127,129,125,128,132,137,145,148,139,124,117,117,124,133,138,137,132,130,127,123,122,130,144,156,164,168,169,164,152,140,136,140,148,159,166,163,154,146,138,129,123,120,116,115,116,119,118,110,104,103,106,109,111,109,107,108,106,101,97,94,99,104,111,120,123,126,123,120,116,116,114,113,112,114,121,124,126,126,127,130,132,135,139,141,145,147,143,137,131,130,130,131,135,142,150,154,155,156,157,157,156,154,149,149,150,149,147,145,143,142,134,129,126,130,132,131,128,123,120,116,114,112,112,116,121,124,125,122,118,118,118,116,112,107,104,102,106,109,112,111,113,111,114,116,117,117,115,114,114,111,107,102,100,104,110,116,120,120,118,122,128,136,142,145,143,143,142,144,145,146,148,152,155,159,158,154,147,141,136,131,129,129,128,127,129,128,128,127,130,131,136,142,147,147,147,147,150,154,156,160,161,164,164,163,159,157,154,150,148,144,139,136,132,129,128,129,129,128,127,128,128,129,130,129,127,128,126,129,127,130,131,134,135,135,130,122,114,106,99,94,95,96,94,98,96,93,93,91,89,88,91,96,100,107,113,117,121,121,124,129,133,138,138,139,139,139,138,137,137,139,143,146,149,152,151,152,149,147,145,144,144,145,145,148,151,153,151,152,149,147,143,140,136,131,128,123,120,116,116,114,114,115,117,118,118,116,113,110,112,111,114,115,119,125,130,133,138,139,141,115
46,009,009_G36 100m Holz eigene,oben1.txt,G36,100.0,Holz,Treffer,True,oben,1.0,,145,131,139,129,133,135,138,131,130,121,137,130,130,134,139,130,124,128,130,143,134,128,121,119,127,136,122,121,123,140,150,139,126,115,118,122,128,125,117,122,125,135,134,129,129,135,139,131,132,130,125,117,123,131,134,136,136,137,133,140,140,132,112,108,121,141,140,130,120,120,124,129,125,117,116,127,137,137,131,122,121,124,130,129,127,125,118,118,128,133,137,136,131,127,125,125,124,121,119,128,140,146,143,137,127,124,122,127,128,126,130,135,136,133,126,115,114,117,124,132,139,145,141,139,139,136,132,132,130,127,128,123,121,112,108,112,119,125,125,125,124,125,125,127,130,132,138,141,139,132,129,132,139,146,152,155,152,149,147,148,149,148,142,131,117,107,97,88,84,91,106,126,137,134,130,131,137,141,141,135,131,129,132,136,138,145,154,165,173,171,159,140,120,107,103,101,101,102,109,116,120,121,124,126,124,117,110,108,112,118,125,130,138,148,158,161,158,153,143,136,126,119,114,111,117,124,132,136,136,136,139,143,148,150,150,147,140,132,125,120,114,115,119,124,126,123,116,111,109,108,109,110,111,112,109,109,109,110,114,121,133,145,152,154,154,153,154,155,153,147,140,133,125,118,110,104,99,102,107,111,115,121,128,138,147,153,154,154,152,149,147,145,145,147,151,154,154,152,148,145,140,135,128,118,111,105,101,103,104,104,104,108,112,115,122,129,135,144,148,152,151,150,145,140,139,141,144,144,144,141,139,135,131,123,117,115,116,118,116,112,106,105,105,109,113,115,119,125,128,129,129,126,123,119,116,114,113,111,112,110,113,113,112,109,106,105,107,110,113,115,118,122,126,133,138,142,146,148,150,152,148,147,146,147,151,155,158,160,158,157,155,154,153,152,154,157,162,163,162,159,157,156,156,156,156,156,155,153,147,140,132,126,122,119,118,115,111,109,106,104,103,105,106,111,115,117,119,121,122,123,124,124,123,122,120,117,116,114,112,110,109,105,101,98,92,88,82,80,80,81,83,87,92,98,102,107,109,112,114,117,119,121,121,122,124,124,126,128,129,132,135,139,141,143,144,141,140,138,136,135,137,140,146,152,158,164,167,170,169,169,169,169,170,171,171,170,167,165,161,157,155,152,150,151,151,149,146,144,141,141,140,151
47,009,009_G36 100m Holz eigene,oben2.txt,G36,100.0,Holz,Treffer,True,oben,2.0,,147,127,126,119,129,131,136,121,120,128,134,140,133,119,131,131,122,136,133,127,127,126,127,124,127,131,121,135,132,144,136,128,129,134,135,127,126,129,136,137,131,129,130,120,128,134,137,138,126,123,116,116,125,134,124,135,142,141,137,134,122,118,125,127,125,124,116,123,127,141,129,134,142,138,128,115,118,122,131,130,140,139,148,141,129,120,118,127,135,133,127,131,132,133,130,115,110,116,128,130,135,136,135,134,127,122,118,118,122,126,133,142,142,139,130,120,115,122,127,130,127,131,139,144,136,127,128,127,127,123,121,119,125,132,136,138,144,142,139,129,120,120,119,122,125,127,128,130,127,120,117,127,135,139,138,137,133,133,136,136,132,131,132,134,133,130,121,115,112,108,104,101,104,110,122,133,142,147,151,155,155,154,153,152,149,146,145,141,135,128,126,129,128,124,115,102,94,91,89,92,99,113,130,141,141,139,146,159,170,168,157,147,138,133,129,124,124,130,142,150,149,138,124,111,105,103,102,99,98,104,114,124,129,130,133,139,139,139,138,137,137,140,140,139,141,145,148,150,148,142,135,127,121,116,119,125,129,130,130,128,122,117,112,109,114,122,128,124,117,108,98,93,96,101,113,124,134,138,136,133,132,132,137,142,148,151,156,154,149,146,142,142,145,146,145,141,138,135,134,132,132,135,140,140,138,135,135,133,130,127,126,127,130,130,130,129,128,129,129,130,130,129,127,127,125,124,122,120,116,114,113,114,116,118,119,118,114,108,104,99,98,99,101,104,107,111,114,114,114,115,117,121,124,125,125,125,126,130,133,137,139,142,145,145,146,146,147,147,146,143,141,139,137,135,136,135,139,143,148,150,152,152,155,158,161,162,163,164,165,166,168,169,169,168,165,164,161,155,148,142,138,135,134,131,127,125,124,124,124,122,121,121,123,127,130,129,128,126,125,122,118,115,112,109,108,105,102,98,92,89,84,82,80,78,77,74,71,70,69,70,70,72,76,84,90,95,97,97,99,101,102,104,107,112,117,121,124,128,131,133,134,134,134,135,134,133,132,132,135,138,139,142,145,150,156,160,162,164,166,168,169,169,170,171,172,172,171,170,169,168,168,170,172,173,171,166,162,157,155,153,152,151,153,151,151,149,147,146,146,147,147,151
48,009,009_G36 100m Holz eigene,unten1.txt,G36,100.0,Holz,Treffer,True,unten,1.0,,151,114,132,126,133,121,154,126,130,113,124,126,139,131,123,126,140,135,123,108,142,130,154,108,117,139,142,124,137,109,140,117,128,111,115,161,171,142,103,108,99,159,156,143,111,126,97,157,137,128,114,108,111,135,161,148,155,106,128,124,127,126,141,157,181,183,126,109,65,62,75,84,103,146,165,184,178,136,111,89,97,116,132,151,152,132,117,130,141,136,140,131,146,177,182,177,136,118,111,120,116,120,114,131,138,151,172,177,166,142,115,96,100,109,123,126,111,104,122,129,127,110,94,94,92,100,109,119,119,116,112,112,131,146,146,126,115,112,130,142,143,123,112,100,107,120,137,150,148,143,137,125,117,120,133,154,164,169,164,158,152,153,144,131,119,121,128,139,133,121,101,88,92,98,113,126,135,140,143,135,121,107,103,117,129,147,155,149,142,142,146,143,141,135,140,142,140,136,130,133,142,145,142,142,147,150,153,151,150,146,136,126,121,114,117,125,130,134,136,134,139,141,143,139,131,122,113,100,91,86,86,91,100,115,128,133,135,128,122,125,133,139,140,139,134,130,122,117,113,115,126,142,150,157,158,152,140,128,118,117,124,133,140,143,146,144,144,145,150,157,162,163,162,157,155,155,150,140,129,116,108,109,112,120,126,130,127,130,135,140,135,128,117,113,110,112,112,114,116,121,130,138,143,142,133,126,118,111,107,99,93,93,96,100,107,111,116,122,127,134,139,142,143,142,140,137,135,135,133,132,132,135,137,137,136,135,137,136,134,130,123,118,115,115,118,122,122,123,121,119,122,122,124,127,132,134,136,133,130,126,126,123,118,115,114,117,122,124,124,125,126,128,127,126,121,119,121,123,123,119,117,117,120,124,130,132,134,135,137,137,137,134,130,125,122,119,119,118,119,123,126,129,128,124,122,119,120,119,120,118,118,119,120,120,121,123,127,131,135,141,144,145,144,141,141,141,142,145,147,150,154,155,153,148,143,141,140,141,142,144,143,141,137,135,138,140,142,144,143,142,139,134,133,132,134,136,136,135,135,133,130,127,126,123,121,119,117,113,111,113,115,116,116,115,114,113,113,114,117,121,123,125,125,126,130,131,133,133,133,134,135,136,135,137,137,138,137,135,135,136,135,139,138,137,136,135,138,138,137,136,136,137
49,009,009_G36 100m Holz eigene,unten2.txt,G36,100.0,Holz,Treffer,True,unten,2.0,,146,150,127,120,117,120,137,138,126,141,121,112,133,155,105,142,107,141,125,152,116,120,126,126,141,125,124,113,149,140,127,130,117,125,138,128,122,134,120,132,113,137,144,150,130,133,112,123,128,137,125,140,118,137,142,115,133,117,132,136,161,146,123,108,96,135,136,125,129,135,156,149,169,153,146,106,97,56,66,90,122,131,131,113,102,107,138,152,163,186,181,162,129,114,114,121,131,151,183,210,199,160,110,72,63,102,163,191,180,138,110,86,92,90,97,110,131,155,165,138,103,67,72,81,115,132,150,139,124,111,105,115,121,128,124,141,144,135,116,105,95,107,119,150,171,186,178,169,147,135,125,125,133,151,151,137,128,125,129,130,142,148,154,152,156,152,136,118,113,112,121,129,145,148,137,130,133,136,130,118,99,95,93,100,97,86,74,69,83,100,114,118,118,109,107,108,101,100,110,126,144,162,169,157,137,121,123,128,127,124,122,125,135,134,129,121,119,128,137,152,162,162,152,145,138,134,135,137,136,142,152,160,165,166,161,153,152,156,158,153,143,139,138,138,136,131,127,123,120,124,133,139,143,148,145,138,131,127,124,125,133,146,149,146,137,133,133,140,150,159,160,154,149,138,123,109,106,112,122,127,126,122,117,121,128,133,133,129,124,125,122,114,104,95,98,104,113,121,122,119,118,117,119,122,119,115,109,105,102,100,97,100,108,117,126,130,134,141,146,148,146,140,134,133,134,135,133,129,128,131,138,145,145,138,131,129,132,138,140,138,131,125,127,131,132,132,132,132,131,131,132,132,129,123,121,119,121,119,116,111,110,111,115,117,123,127,133,135,137,136,136,135,134,131,129,128,130,132,131,129,125,124,123,123,126,128,127,128,125,126,125,121,116,114,115,121,126,131,132,132,134,136,136,134,134,131,128,124,120,114,110,108,107,108,110,112,112,114,117,120,120,119,120,119,124,128,130,133,135,138,140,142,143,143,143,141,142,144,145,146,146,144,142,141,139,138,138,140,145,148,150,150,147,146,146,148,149,148,146,144,143,144,141,140,138,139,141,143,145,141,137,131,129,128,128,128,128,127,129,126,124,123,122,122,120,119,120,117,118,117,115,113,112,113,116,119,120,118,120,121,124,127,128,127,128,126,128,128,129,131,133,127
50,010,010_G36 150m Holz eigene,mitte1.txt,G36,150.0,Holz,Treffer,True,mitte,1.0,,146,129,120,131,108,137,140,128,119,133,116,141,128,129,144,113,119,140,142,124,120,120,138,137,138,100,124,122,136,138,150,131,130,124,117,149,137,124,125,125,128,142,127,116,129,127,147,138,125,124,126,128,128,133,124,136,131,133,133,128,133,141,140,128,118,120,122,132,119,127,128,149,144,139,122,119,124,122,122,120,135,153,141,124,118,120,127,140,123,121,118,131,142,140,130,126,130,132,126,127,132,139,138,135,130,125,113,101,88,89,109,132,146,135,127,124,130,131,137,136,141,145,148,152,150,153,159,156,146,127,109,95,85,89,111,129,135,129,117,107,105,108,113,129,142,146,151,150,136,119,113,124,141,164,181,186,165,139,127,130,138,138,135,136,135,132,133,134,131,121,110,105,101,104,108,113,110,108,111,126,133,129,126,121,115,113,109,108,110,120,132,142,142,137,132,137,144,151,157,162,162,156,149,138,127,123,124,132,143,151,153,144,130,120,118,122,120,121,125,131,136,135,133,130,130,138,147,151,147,138,130,121,108,103,101,105,109,115,115,111,105,98,93,92,90,91,96,98,105,108,112,116,118,122,125,133,140,144,146,150,152,150,150,149,153,156,162,166,170,168,164,160,153,147,148,150,155,157,156,155,152,147,143,139,136,136,134,129,119,112,110,114,118,122,122,122,120,117,114,109,105,101,100,100,102,106,108,111,113,115,118,121,121,123,124,127,128,124,124,124,125,127,132,137,141,146,147,148,150,153,153,150,147,141,140,141,141,139,136,134,136,136,139,141,141,139,138,136,131,128,124,128,134,141,141,139,134,131,130,133,137,135,135,131,128,124,121,117,117,118,120,122,122,119,115,113,114,116,119,120,117,115,112,109,110,110,111,115,121,125,128,127,127,129,130,132,133,132,129,126,126,125,123,122,124,126,128,128,125,119,112,104,100,96,91,89,86,88,89,91,95,100,104,111,121,129,138,145,149,153,151,150,146,144,144,148,154,158,160,158,158,154,149,145,141,139,136,135,136,134,136,138,144,151,159,164,166,171,175,179,179,177,172,168,161,154,147,140,135,133,130,126,120,110,102,95,93,90,89,86,85,84,86,90,92,96,99,106,114,119,122,121,121,123,126,129,128,127,126,126,125,125,124,123,123,122,123,124,125,127,129,123
51,010,010_G36 150m Holz eigene,mitte2.txt,G36,150.0,Holz,Treffer,True,mitte,2.0,,149,125,116,135,145,116,127,121,133,136,125,131,125,128,115,133,135,136,133,136,124,128,129,132,132,124,140,123,125,130,138,131,125,129,127,145,137,119,116,124,138,145,127,120,133,130,127,135,136,129,128,118,127,141,142,137,125,111,124,120,133,129,127,133,148,135,134,130,118,120,130,129,132,139,131,125,119,126,128,129,121,132,131,138,129,132,137,129,128,130,139,140,139,133,127,111,96,94,110,117,122,123,132,132,128,125,120,110,115,125,145,158,156,153,160,160,129,99,89,104,124,143,159,171,174,170,142,102,72,76,98,115,119,125,132,135,133,131,129,125,135,145,144,141,138,139,131,122,120,131,146,144,132,126,132,132,124,121,119,125,135,137,136,140,154,165,165,148,135,128,121,115,108,106,115,129,140,147,145,139,127,111,97,86,88,97,107,108,106,108,112,117,120,117,113,106,101,102,104,111,127,138,144,145,144,146,146,147,152,158,163,165,163,157,152,148,151,154,156,161,163,163,163,161,156,154,150,147,141,136,130,126,125,126,133,142,149,147,135,118,99,86,82,79,85,96,108,123,129,123,118,116,118,124,128,131,134,132,129,121,112,107,107,112,118,123,126,125,119,114,111,116,120,122,124,126,128,128,131,134,135,139,145,155,162,161,154,148,140,136,132,133,131,129,126,126,125,122,120,117,116,115,115,114,111,108,106,108,113,120,128,135,143,144,140,136,132,131,131,130,130,132,135,139,138,136,131,128,123,122,123,124,126,131,134,137,136,137,137,136,133,130,125,123,122,121,123,127,133,138,137,134,129,125,125,126,130,133,135,137,136,134,133,132,131,133,134,134,132,129,125,124,123,120,117,117,119,124,129,134,137,137,139,142,145,145,145,143,143,144,144,147,148,146,143,140,137,132,126,118,111,105,98,94,92,89,88,88,90,93,97,97,98,99,100,103,106,107,110,111,114,115,116,116,116,118,123,126,129,129,131,134,138,141,146,149,152,155,157,160,161,163,165,167,169,170,171,171,170,167,164,161,157,155,153,149,147,145,143,144,143,146,144,143,143,141,136,131,128,125,124,123,122,119,114,108,105,103,105,106,108,109,110,112,111,113,112,112,115,120,123,127,133,136,139,142,145,147,147,142,140,135,135,135,134,133,134,136,136,136,135,135
52,010,010_G36 150m Holz eigene,oben1.txt,G36,150.0,Holz,Treffer,True,oben,1.0,,145,141,138,134,131,129,138,128,133,128,127,133,148,126,123,130,132,145,135,124,117,120,124,133,124,125,131,142,149,140,123,119,122,115,122,125,118,120,125,123,119,131,137,139,142,137,130,127,125,119,126,137,140,137,136,141,135,135,132,127,117,122,128,142,138,122,118,119,119,124,128,118,118,129,134,134,127,123,121,122,125,127,129,128,122,120,124,124,122,129,137,138,133,128,124,123,119,122,129,134,138,137,134,129,128,132,132,131,135,140,143,140,126,111,108,112,120,132,139,142,138,133,132,129,127,134,135,138,135,129,121,115,114,117,122,124,127,130,126,124,120,118,125,131,135,137,131,125,126,130,136,143,150,152,148,149,151,153,152,152,148,139,128,117,108,100,98,103,111,122,126,128,127,136,141,144,139,130,124,123,123,126,134,145,154,159,157,146,131,117,109,104,104,105,108,114,122,129,131,137,140,140,137,133,128,125,128,132,138,142,149,152,147,141,132,124,120,117,114,105,98,97,105,114,121,123,125,131,137,140,142,143,144,142,144,142,143,143,142,143,145,147,146,139,131,126,123,120,117,115,111,109,106,104,103,103,104,109,120,128,135,142,146,148,150,151,147,141,135,132,126,120,109,100,95,97,96,98,99,102,110,123,133,141,145,144,144,144,145,148,152,156,163,168,169,168,163,158,152,145,139,133,126,121,116,114,117,120,125,130,135,139,142,146,150,156,161,165,166,160,151,146,142,142,140,137,133,129,124,120,114,107,100,96,95,100,99,97,94,96,97,101,106,110,115,119,125,127,126,122,116,110,105,99,97,95,97,94,97,95,95,93,91,90,91,95,100,103,111,118,124,130,138,145,152,158,163,164,164,162,158,155,155,155,157,159,158,155,153,151,152,152,157,164,169,174,178,179,180,180,179,179,180,185,186,185,182,176,168,162,155,147,140,132,127,122,118,114,109,106,106,108,111,113,112,113,114,115,115,113,111,111,109,108,107,108,106,103,102,98,92,88,81,73,66,62,62,60,61,64,67,75,81,85,90,93,97,99,103,108,112,115,118,119,118,121,120,124,129,133,139,142,143,141,140,138,136,135,137,141,148,154,160,163,167,170,171,174,177,179,183,186,186,185,182,180,176,173,171,168,166,166,165,162,158,156,151,149,147,145,143,162
53,010,010_G36 150m Holz eigene,oben2.txt,G36,150.0,Holz,Treffer,True,oben,2.0,,145,140,128,124,130,133,131,132,125,118,130,135,127,111,116,124,141,144,132,134,144,142,136,122,120,131,143,130,118,122,131,144,139,121,129,138,148,133,114,106,116,129,142,138,131,134,148,140,127,113,114,123,121,114,115,116,119,129,135,140,145,146,138,131,123,124,129,129,122,129,139,144,142,137,126,120,127,135,136,127,126,128,127,125,123,121,125,127,129,129,126,130,135,133,123,118,116,114,112,111,121,136,140,130,123,126,127,130,130,134,139,141,137,131,126,126,130,129,130,130,133,135,129,119,120,127,137,137,130,123,123,125,129,132,138,140,142,143,139,130,126,124,119,115,111,112,111,113,113,118,128,136,138,135,134,138,144,148,149,144,138,138,136,134,136,134,131,124,119,115,114,114,115,116,117,121,122,120,117,119,127,138,145,149,158,165,172,169,161,149,140,137,140,134,120,104,98,101,103,102,102,108,116,125,128,120,111,108,109,117,130,148,166,178,181,178,169,155,140,130,121,111,105,100,100,104,112,121,128,131,130,125,123,128,134,140,140,139,139,139,140,139,137,134,131,127,125,120,113,110,114,119,124,122,117,115,117,125,134,141,144,146,147,148,145,138,134,136,140,147,149,144,133,124,117,112,107,107,107,109,112,114,117,118,117,114,114,118,125,131,135,139,140,141,143,144,142,142,141,140,140,141,139,133,125,118,112,107,107,111,118,126,134,136,132,129,127,131,137,145,152,157,162,162,161,159,155,150,147,143,141,138,134,129,122,119,119,117,114,111,109,108,108,111,115,117,120,121,122,124,126,128,128,126,124,120,115,109,103,100,101,106,111,116,117,116,114,112,111,112,111,115,119,125,128,128,129,130,131,133,138,141,147,151,154,151,150,146,141,138,137,137,137,137,137,138,143,150,156,160,163,166,168,167,165,159,153,148,148,149,150,151,150,148,144,138,133,126,121,117,116,116,116,118,119,122,124,128,129,130,132,134,134,133,128,120,114,109,106,101,96,91,92,93,94,93,91,90,92,97,97,97,97,99,102,106,108,111,116,120,122,125,127,129,129,130,131,132,133,133,131,128,124,122,122,124,126,129,132,137,140,141,140,139,140,143,146,149,154,158,161,162,163,164,165,167,170,172,173,171,166,160,153,146,141,137,133,134,137,139,142,146
54,010,010_G36 150m Holz eigene,unten1.txt,G36,150.0,Holz,Treffer,True,unten,1.0,,146,139,138,101,136,121,141,135,122,118,148,98,148,145,135,96,134,139,148,116,135,111,136,153,123,113,115,163,117,142,95,141,139,147,122,106,119,143,136,134,132,95,135,137,137,133,136,130,141,116,126,129,143,131,131,117,105,153,110,131,94,112,118,154,164,148,145,107,127,104,122,126,139,166,202,194,155,107,48,48,83,127,164,171,172,169,135,96,66,68,118,137,177,163,150,113,78,72,91,130,147,164,146,152,159,168,128,108,99,123,152,157,158,136,126,132,164,177,196,181,163,133,99,96,107,133,133,144,139,150,152,117,91,72,78,84,107,132,149,154,134,119,95,101,108,123,124,119,119,109,105,87,83,89,102,102,119,139,138,124,99,90,91,110,140,158,162,162,155,138,122,110,121,141,163,169,152,123,98,87,97,116,135,154,168,178,174,159,133,113,110,129,153,168,165,157,149,142,142,150,160,169,172,166,151,142,128,119,125,139,152,162,167,163,153,155,162,157,158,154,150,139,123,110,103,107,114,123,123,125,125,123,120,111,102,95,91,86,84,85,86,81,77,89,103,120,128,130,126,125,135,146,144,132,120,108,105,103,101,98,107,118,133,141,141,129,117,107,107,114,128,139,143,148,149,151,153,156,162,172,182,186,183,176,165,158,155,155,154,151,144,140,139,143,147,147,148,150,157,163,162,150,140,134,134,137,137,136,132,134,139,143,143,139,131,125,118,113,105,97,88,84,86,95,102,104,100,98,98,99,103,103,102,102,104,108,114,120,127,136,140,142,137,130,125,125,126,129,128,125,125,126,125,126,127,127,128,127,127,123,115,112,114,122,129,134,137,131,125,120,119,126,132,132,132,126,119,113,108,109,114,122,133,139,136,128,121,117,115,114,114,116,121,126,132,134,135,136,136,138,139,136,130,126,121,120,120,120,118,121,125,132,136,134,131,124,122,122,123,124,125,124,125,130,134,138,140,140,141,142,145,143,142,137,133,133,134,135,138,138,139,142,144,142,138,134,134,132,131,135,138,140,139,138,137,136,136,137,138,138,137,136,136,136,136,137,137,136,134,135,133,131,127,122,115,109,104,101,101,105,108,112,114,117,121,124,128,131,134,135,135,134,134,135,137,139,142,144,143,143,141,138,137,136,135,135,134,129,124,121,122,136
55,010,010_G36 150m Holz eigene,unten2.txt,G36,150.0,Holz,Treffer,True,unten,2.0,,149,146,111,117,128,130,150,135,111,140,108,115,161,146,106,118,141,152,121,121,116,120,161,146,115,107,140,133,135,113,106,141,158,147,120,93,123,145,130,150,93,109,142,160,158,113,105,111,124,123,153,146,115,101,135,123,142,114,82,95,115,172,174,194,150,117,86,96,120,113,130,156,187,204,192,126,79,43,60,126,148,175,180,156,132,96,69,81,93,145,175,188,154,92,63,66,109,130,151,159,166,160,145,129,123,117,125,142,157,168,154,143,135,120,125,162,192,189,178,143,119,104,104,121,139,140,131,140,130,124,93,78,81,87,104,115,140,149,147,122,107,103,103,122,111,107,94,101,103,96,84,73,97,121,130,119,121,130,124,107,94,107,124,159,176,163,153,155,158,142,132,130,145,156,149,130,109,99,94,103,124,150,169,178,174,152,132,127,128,125,133,154,175,180,162,144,129,132,150,174,183,178,164,141,123,111,108,122,145,168,174,172,159,146,143,150,155,155,152,138,128,111,101,102,107,112,115,118,116,116,111,106,99,90,89,88,93,96,91,81,69,74,98,127,143,143,137,133,137,142,145,132,120,113,112,107,100,98,97,108,123,138,143,139,124,112,109,116,130,145,153,156,159,161,159,161,167,178,183,187,184,175,166,154,148,145,146,149,150,144,135,131,130,134,140,143,148,154,156,152,145,137,135,139,142,148,146,142,139,140,135,127,117,112,110,107,104,95,84,73,72,80,92,102,106,105,100,98,99,102,105,104,104,107,113,119,128,137,146,149,146,136,124,116,113,113,116,120,119,120,118,119,123,126,130,130,131,131,126,119,115,117,127,138,144,142,138,131,129,128,128,128,130,128,123,116,108,105,104,110,121,129,134,133,127,121,115,116,117,120,123,130,136,143,145,141,138,135,136,136,135,134,131,128,126,127,127,129,130,132,135,134,132,128,124,124,126,129,131,132,133,136,139,145,147,145,143,143,143,144,144,142,138,133,132,134,137,137,138,139,140,144,142,139,132,126,126,130,135,141,142,140,139,139,142,143,142,136,129,126,126,128,127,127,126,128,127,130,128,127,126,124,119,114,107,104,100,100,102,105,108,112,116,122,127,134,136,135,136,133,134,133,133,137,138,140,140,139,140,141,143,146,145,146,146,141,134,127,125,127,132,146
56,011,011_G36 200m Holz eigene,mitte1.txt,G36,200.0,Holz,Treffer,True,mitte,1.0,,145,147,139,133,124,131,129,130,127,126,127,137,135,129,123,121,132,132,143,129,124,119,127,135,136,131,122,133,134,138,140,140,128,123,126,134,120,110,118,129,137,143,134,133,135,132,129,124,127,132,131,134,132,128,129,130,128,131,134,131,122,111,112,122,137,136,124,122,131,141,143,138,138,131,128,124,121,120,119,121,118,123,133,143,135,119,108,100,107,112,114,115,121,124,129,133,144,145,154,157,147,131,117,110,118,127,143,163,169,160,147,132,123,125,132,132,128,122,118,108,91,83,90,112,142,163,164,145,117,95,85,85,94,107,120,133,146,151,151,151,147,146,147,153,158,159,153,145,144,144,148,150,147,144,141,136,129,126,122,115,109,107,110,118,126,132,136,136,134,129,121,117,116,115,117,118,123,127,132,139,146,149,140,121,105,99,99,97,96,100,111,125,134,136,127,117,111,113,117,121,121,122,125,127,131,133,135,137,139,142,146,147,144,139,137,137,140,143,146,148,151,152,149,147,148,153,156,155,150,146,141,142,143,143,143,143,144,145,146,143,138,136,132,130,124,118,115,116,121,127,129,126,127,125,123,119,116,114,112,112,113,112,110,110,110,110,110,111,113,114,115,116,115,113,111,109,108,108,108,109,112,112,113,117,122,126,130,131,130,127,125,125,127,130,128,128,126,126,125,124,126,130,134,142,149,155,160,166,169,171,173,175,177,176,172,168,162,157,155,150,147,145,145,147,147,145,141,139,137,135,135,135,136,135,138,139,142,144,142,138,132,127,124,120,115,109,104,99,98,97,97,95,95,93,93,93,91,89,87,87,89,91,93,95,97,97,99,101,101,101,103,103,104,103,104,103,106,106,112,118,125,129,130,131,132,137,143,149,152,155,160,162,163,160,156,157,159,162,164,163,159,155,149,146,144,141,138,133,129,126,125,125,126,130,132,136,138,142,145,147,149,149,148,147,146,143,141,138,135,137,136,136,136,135,135,132,128,124,122,118,117,118,120,121,122,123,124,126,130,130,129,125,123,120,117,115,113,112,113,115,116,116,115,114,113,111,111,110,109,109,111,113,115,119,123,125,129,134,140,144,145,146,146,145,144,141,142,143,145,147,150,154,155,156,155,151,147,143,141,138,136,135,138,138,139,139,138,138,138,136,133,138
57,011,011_G36 200m Holz eigene,mitte2.txt,G36,200.0,Holz,Treffer,True,mitte,2.0,,145,123,118,118,135,131,114,115,138,131,154,143,134,127,134,128,127,125,125,144,133,138,125,126,125,141,128,131,138,132,126,123,126,134,134,134,132,121,127,134,139,136,132,129,130,130,114,111,112,123,141,149,147,141,126,123,124,121,127,130,132,136,141,137,127,122,117,128,137,140,138,132,127,127,118,115,115,122,128,125,120,121,125,125,126,131,137,135,135,123,121,129,145,142,132,117,112,118,127,126,116,116,119,116,110,108,102,106,119,134,147,161,173,176,158,131,115,119,126,132,136,145,154,155,145,134,125,131,142,143,132,119,111,107,99,94,101,115,131,145,157,157,144,126,120,113,103,93,95,107,115,125,134,144,145,146,143,140,135,138,141,142,141,146,152,153,151,151,149,148,143,139,131,119,106,100,106,117,128,130,133,132,127,125,123,120,119,122,127,131,125,117,119,130,147,157,158,150,144,141,142,135,125,118,113,112,115,120,120,115,114,118,124,125,123,118,116,118,121,120,118,116,115,115,118,123,126,131,137,139,134,125,115,110,115,122,127,132,136,138,136,130,128,125,126,128,130,138,142,144,144,148,154,157,155,150,145,140,139,140,143,149,155,157,161,161,160,156,154,153,154,156,155,152,142,132,123,117,113,110,109,110,111,111,108,105,107,108,108,106,103,100,97,94,94,95,99,102,108,108,109,111,111,109,108,109,110,113,114,118,123,127,128,129,129,130,133,136,139,141,142,143,144,145,147,150,154,158,164,166,164,160,153,151,152,153,156,159,160,156,153,148,144,139,138,138,140,141,141,140,139,140,144,148,152,153,151,148,143,135,127,118,112,111,113,112,110,108,104,102,103,105,104,105,104,103,103,104,103,106,107,110,115,120,123,126,126,125,125,123,117,110,101,94,92,90,89,88,89,91,96,98,101,103,104,104,105,107,108,109,111,114,119,129,137,146,155,163,171,176,176,175,175,173,171,168,163,162,159,157,157,156,157,157,158,158,157,155,153,152,151,151,149,147,146,146,145,143,143,140,135,131,123,116,110,106,102,100,97,95,98,97,99,100,100,99,100,101,101,102,104,104,108,110,114,118,123,125,128,128,130,132,133,134,134,137,137,137,138,140,142,145,144,145,147,148,149,150,150,150,150,150,149,150,150,151,152,151,152,150,148,150
58,011,011_G36 200m Holz eigene,oben1.txt,G36,200.0,Holz,Treffer,True,oben,1.0,,146,137,128,119,119,135,134,137,123,127,124,142,120,138,141,129,115,130,130,137,136,131,124,116,124,120,134,128,129,130,139,144,129,120,119,133,133,143,138,120,115,125,126,131,129,127,134,140,140,133,124,110,121,129,133,140,131,123,132,133,138,135,130,126,126,119,119,122,119,126,127,135,143,142,130,123,124,125,134,135,137,134,126,131,137,124,119,125,129,138,133,129,128,133,130,124,119,118,118,121,130,137,142,140,138,131,127,129,128,126,126,125,132,136,130,126,123,122,134,139,130,123,122,127,134,132,125,120,125,138,138,131,128,129,128,127,129,129,131,134,137,136,131,131,136,129,124,123,124,123,122,124,128,127,128,126,121,111,109,114,123,135,142,146,148,145,139,137,135,137,136,134,136,142,153,149,130,104,87,94,107,109,106,109,127,142,144,133,121,117,129,142,149,144,138,141,139,135,133,131,137,149,163,174,170,156,139,125,118,115,113,113,113,115,122,127,126,122,121,117,108,95,90,87,90,95,106,116,129,141,149,151,148,146,148,147,145,141,144,146,152,154,152,149,149,153,158,161,158,153,142,130,113,97,87,86,91,101,113,124,131,135,135,132,124,115,109,108,114,124,134,140,143,145,144,140,133,125,120,119,121,122,122,118,114,112,112,115,118,120,120,121,122,122,121,117,117,120,127,136,139,143,143,142,143,144,143,146,146,147,148,150,155,158,161,161,162,163,162,159,154,146,140,136,134,135,136,136,138,137,135,132,128,123,120,115,110,107,104,104,106,109,113,114,115,115,113,110,108,106,104,102,102,100,97,92,89,85,86,91,96,98,100,101,100,99,99,100,102,107,114,122,131,141,149,155,160,163,168,173,176,175,176,173,175,176,178,180,183,188,191,193,189,188,186,187,188,190,191,193,191,192,186,183,179,176,171,165,158,151,145,138,132,125,118,112,105,100,95,90,82,74,66,58,54,54,57,60,64,64,64,62,62,60,59,60,64,66,69,73,77,82,84,85,85,84,85,87,86,84,82,82,84,86,87,87,90,95,104,109,115,118,122,125,131,137,144,151,158,164,168,172,177,181,187,194,198,202,202,202,202,201,201,202,203,206,209,208,205,200,193,188,186,182,178,174,174,174,172,167,164,160,158,158,155,151,149,146,142,140,135,158
59,011,011_G36 200m Holz eigene,oben2.txt,G36,200.0,Holz,Treffer,True,oben,2.0,,145,141,128,119,122,121,130,131,126,120,134,139,139,134,132,123,120,124,126,125,124,117,124,137,143,138,136,131,126,121,124,125,121,117,128,136,142,139,131,125,125,131,136,133,129,126,130,130,130,127,125,125,124,129,130,133,134,134,134,129,119,118,121,129,135,140,137,127,122,123,125,126,130,131,131,132,132,137,135,128,119,124,131,131,134,134,130,126,129,132,135,134,131,127,123,124,124,122,121,120,120,122,127,133,137,141,143,140,137,134,132,129,128,131,133,131,127,125,120,116,115,115,117,122,123,121,116,114,114,119,126,131,138,147,151,150,152,160,172,176,168,151,133,121,115,111,109,114,121,123,113,94,85,87,102,116,127,136,136,130,119,112,115,131,152,174,188,192,184,172,160,150,144,133,126,123,121,118,113,104,97,92,93,92,90,87,86,87,93,104,117,133,143,151,156,162,166,166,162,153,145,144,146,150,152,148,143,136,127,122,118,123,131,142,151,155,150,140,125,120,117,120,120,123,122,120,114,104,94,90,87,92,98,106,114,117,119,121,122,124,128,131,137,143,150,152,150,150,150,150,149,145,142,141,138,135,132,127,122,118,120,121,125,132,140,148,152,150,148,145,142,141,140,142,143,145,144,144,141,137,132,130,130,130,127,121,112,105,101,99,96,93,95,98,98,103,107,107,106,107,110,113,118,124,129,133,135,135,134,133,132,131,133,136,140,143,142,139,136,133,133,132,131,131,132,133,134,133,131,128,127,129,128,128,127,131,135,142,146,147,145,143,143,143,143,141,139,138,141,146,149,151,152,153,156,156,153,149,144,137,136,134,137,137,138,138,141,145,146,146,142,142,143,144,143,144,140,139,137,135,136,133,132,130,128,124,119,111,103,98,94,93,90,85,82,79,79,77,76,75,78,83,87,92,95,100,104,106,110,115,118,122,124,126,127,128,125,123,119,116,113,112,111,111,109,107,107,109,113,116,120,124,130,133,136,137,141,145,148,152,154,157,159,159,157,155,152,149,150,152,152,153,152,150,149,147,144,142,142,143,146,148,151,153,152,154,157,159,161,160,161,162,161,159,157,155,152,149,147,144,140,139,136,132,129,125,123,120,119,121,120,118,118,118,120,121,124,126,126,129,129,130,130,129,129,131,132,134,134,136,135,129
60,011,011_G36 200m Holz eigene,unten1.txt,G36,200.0,Holz,Treffer,True,unten,1.0,,151,159,116,129,125,121,134,123,126,146,135,115,125,139,116,153,112,136,123,138,131,122,126,125,142,135,113,122,119,150,143,131,129,112,123,139,149,103,117,131,130,151,139,110,120,148,131,127,133,131,138,133,126,107,132,142,145,130,143,129,138,128,114,122,148,149,113,100,115,144,145,107,67,99,149,168,147,135,137,135,132,115,103,139,153,151,156,176,167,159,110,86,98,119,146,135,126,117,98,94,84,88,108,142,151,140,132,116,106,106,117,136,160,188,186,153,111,89,110,152,170,171,161,147,138,143,147,129,110,104,116,137,156,147,115,88,92,107,122,121,113,98,80,82,97,110,105,101,104,129,152,153,136,120,118,116,125,140,151,147,145,147,139,141,149,158,156,149,147,147,144,138,135,129,129,135,152,165,165,155,141,132,124,123,132,144,149,151,148,140,130,129,137,154,164,169,156,140,123,116,114,117,130,145,154,149,140,128,114,107,106,107,109,109,103,95,91,85,86,102,124,137,135,126,115,103,102,103,101,104,110,114,108,94,83,77,89,106,120,125,123,112,104,98,94,95,102,112,118,124,125,122,116,117,126,139,150,157,156,150,142,137,131,130,136,143,150,154,155,153,146,138,134,136,140,143,140,137,132,128,123,127,140,153,169,176,177,177,177,172,166,165,168,168,163,156,147,141,142,139,137,137,140,146,151,148,140,133,128,124,121,123,129,136,140,139,136,134,138,138,141,143,141,137,129,117,105,95,95,101,105,110,116,114,109,107,105,104,105,108,109,108,105,101,98,99,106,112,119,126,133,143,150,152,146,138,132,131,131,130,127,126,124,122,123,126,129,130,131,133,136,138,140,140,137,134,135,137,137,137,137,136,136,137,137,135,132,126,125,127,132,132,128,118,115,117,121,127,130,134,137,138,139,138,137,136,136,138,138,137,134,128,121,119,120,120,122,125,130,133,136,135,131,124,122,121,122,122,123,127,132,133,134,134,133,131,130,128,127,125,118,110,106,106,109,111,112,113,116,119,120,117,119,122,124,125,126,126,124,122,122,123,127,132,133,132,131,129,125,122,119,122,123,125,124,122,124,130,134,137,135,138,140,145,147,148,149,151,155,155,154,152,150,147,143,139,139,138,138,138,139,141,144,145,145,144,142,143,140,137,133,145
61,011,011_G36 200m Holz eigene,unten2.txt,G36,200.0,Holz,Treffer,True,unten,2.0,,151,131,122,121,124,134,133,129,120,131,118,144,147,123,123,112,118,138,149,112,139,125,137,124,112,122,144,141,129,117,139,131,129,133,109,133,137,132,137,109,117,131,142,147,127,104,135,149,128,123,124,118,136,140,118,139,143,140,133,109,110,132,142,147,128,109,131,138,118,116,122,122,147,153,145,151,125,118,118,135,138,148,130,113,106,99,109,113,117,117,100,98,122,142,167,173,154,125,110,101,107,137,169,191,203,193,163,125,113,110,118,133,155,154,140,106,72,60,74,91,115,125,140,148,142,116,93,82,89,115,132,141,135,128,122,124,144,160,170,157,144,118,112,120,143,151,152,148,151,150,147,140,133,125,133,149,151,138,122,105,99,103,120,141,149,148,137,130,125,118,105,97,99,106,119,130,127,125,120,124,135,140,140,140,138,136,136,130,126,127,136,142,143,141,134,130,135,148,152,147,139,132,136,141,142,136,134,139,146,156,164,162,143,122,105,101,102,103,103,105,106,110,119,119,112,105,101,95,93,91,89,89,94,100,109,124,136,137,133,126,121,124,136,144,148,149,145,140,136,131,129,130,133,137,143,153,159,160,153,146,144,140,138,135,133,129,125,125,129,135,147,155,159,157,151,143,132,121,113,116,124,132,136,136,132,127,122,119,123,133,144,146,140,127,113,102,94,93,95,103,109,111,116,117,117,115,112,113,119,126,133,135,132,128,124,122,123,128,134,140,138,133,130,126,123,119,117,119,122,123,124,123,122,126,133,142,151,158,161,160,157,157,156,157,161,161,160,159,157,152,148,145,144,146,147,150,149,148,145,141,137,133,130,126,125,124,124,127,130,133,137,142,146,144,140,136,132,133,133,132,130,128,126,127,127,124,123,122,123,124,125,122,117,113,109,111,116,120,122,122,121,119,122,123,122,120,119,121,119,116,113,110,110,111,113,114,115,113,112,109,109,109,110,112,113,114,116,118,120,123,128,132,137,139,138,134,133,134,137,138,139,139,138,137,136,135,136,134,135,136,134,134,132,127,125,124,125,128,130,134,136,134,135,135,136,133,133,132,131,133,134,134,133,131,129,129,129,128,125,122,120,120,123,126,127,126,125,124,124,123,121,121,121,122,124,127,130,134,138,141,143,145,142,144,141,141,140,140,140,139,138,144
62,012,012_G36 250m Holz eigene,mitte1.txt,G36,250.0,Holz,Treffer,True,mitte,1.0,,149,152,139,123,121,132,131,117,110,128,138,141,127,118,120,130,145,151,141,130,124,116,106,106,118,126,130,139,149,157,161,154,130,115,112,124,132,133,126,123,118,111,102,95,95,107,116,120,116,112,112,124,140,156,165,171,170,171,164,152,141,138,136,139,150,148,132,112,108,118,136,151,154,140,117,90,69,56,56,67,81,104,127,146,147,140,131,124,121,124,131,135,140,145,151,154,149,143,141,145,157,168,168,160,151,146,144,145,144,142,148,154,157,156,152,141,128,120,118,120,114,108,103,104,113,126,133,130,124,125,129,126,114,96,79,79,88,98,108,109,103,99,96,94,95,93,94,102,111,120,119,114,109,115,124,134,141,145,147,149,151,154,158,163,166,170,172,171,166,161,156,157,160,159,160,157,157,158,161,161,160,158,156,153,153,153,151,148,142,135,128,121,117,116,118,125,131,135,136,131,124,117,111,103,96,90,88,85,85,87,92,96,98,103,110,116,120,122,122,119,116,113,111,115,120,125,131,136,141,146,147,145,140,136,133,132,129,126,124,122,121,122,125,127,128,125,124,121,116,113,110,111,111,113,116,122,129,137,144,151,157,158,158,156,153,150,149,147,148,151,156,155,150,145,140,139,140,142,145,146,147,147,145,143,144,145,148,152,153,154,151,146,138,131,128,126,128,123,119,114,112,111,110,108,104,102,102,100,95,94,93,94,94,94,92,90,89,90,92,93,92,91,91,95,101,106,112,117,122,125,129,132,135,140,144,152,163,173,177,177,175,175,174,173,173,174,175,174,172,167,162,156,151,146,140,136,131,127,123,117,114,110,110,109,108,108,109,110,110,109,108,108,105,101,98,96,96,97,97,98,99,101,101,102,103,105,108,114,119,124,128,132,137,142,148,151,154,155,155,154,153,152,151,152,150,150,150,149,148,146,144,142,143,143,142,142,143,146,146,146,145,144,142,142,141,139,136,133,130,125,123,118,116,113,112,112,115,119,121,120,119,119,121,119,118,117,117,120,123,126,129,128,131,133,134,137,138,138,137,135,135,134,133,130,128,127,130,130,131,131,130,129,127,126,123,122,120,118,118,116,114,113,112,113,112,113,116,117,119,122,124,127,131,130,131,133,136,137,138,140,143,148,152,156,162,165,168,169,171,174,176,156
63,012,012_G36 250m Holz eigene,mitte2.txt,G36,250.0,Holz,Treffer,True,mitte,2.0,,145,133,117,121,122,132,132,128,125,138,126,129,142,126,121,121,121,136,141,130,124,122,133,137,127,125,126,132,130,137,132,122,128,124,135,137,121,103,123,138,141,141,140,121,130,128,129,135,127,132,137,135,122,132,127,128,129,129,136,143,136,121,116,117,135,139,136,134,130,121,132,138,128,125,131,129,129,125,120,112,120,135,142,143,137,129,120,118,120,122,130,139,151,151,141,116,104,104,122,142,151,152,145,133,125,119,114,112,115,119,122,131,139,130,116,106,111,127,141,144,143,150,160,157,145,124,114,110,106,98,97,105,112,114,111,109,107,109,114,123,147,171,181,175,154,131,125,129,140,160,177,187,177,151,120,100,99,109,120,121,117,110,98,87,82,89,105,122,132,136,135,131,128,127,131,135,140,141,150,157,158,156,154,153,150,146,136,128,117,115,118,127,132,137,142,141,133,127,126,124,124,125,125,117,110,106,107,112,113,111,116,119,121,118,121,125,132,137,139,139,136,135,140,141,138,138,140,142,143,144,142,146,148,149,145,138,133,129,127,126,124,128,135,144,145,146,144,142,143,143,140,134,128,122,117,112,106,104,103,107,108,108,108,109,108,105,101,101,103,104,103,103,102,103,104,104,106,111,119,128,135,140,141,141,140,139,138,135,133,133,142,156,169,175,175,171,167,167,165,161,156,153,153,153,151,148,144,141,143,147,151,154,152,145,137,130,126,124,122,121,116,115,113,110,108,105,104,106,110,114,113,113,110,108,105,101,100,96,94,97,95,98,94,95,99,107,118,127,133,135,136,137,140,143,149,154,157,161,160,156,151,147,145,146,149,152,149,146,140,134,130,127,126,124,124,126,130,133,136,137,138,139,140,141,142,142,143,145,143,144,143,147,150,157,162,163,161,155,151,145,140,135,132,131,131,132,133,133,133,130,126,123,118,116,111,107,102,99,97,95,94,93,94,97,98,100,99,97,92,93,90,85,85,84,82,82,84,86,88,92,96,100,107,112,115,117,118,120,121,125,131,136,143,151,157,161,162,166,171,170,170,170,171,171,168,163,158,155,153,150,150,151,150,149,147,144,140,139,139,140,141,143,145,143,143,141,140,140,139,138,137,134,133,129,122,114,109,105,103,102,101,100,100,102,108,111,116,120,123,128,131,102
64,012,012_G36 250m Holz eigene,oben1.txt,G36,250.0,Holz,Treffer,True,oben,1.0,,146,144,133,123,121,138,136,127,131,123,131,131,130,130,132,128,126,128,133,135,128,121,125,133,138,133,124,118,122,132,136,134,130,129,131,135,133,118,110,115,125,138,138,136,131,123,126,130,137,139,137,128,125,132,139,136,122,116,122,138,146,138,124,123,122,126,131,131,127,129,130,133,123,114,113,123,134,138,132,127,126,128,132,134,130,123,119,120,125,132,133,134,133,132,135,138,133,126,122,124,124,126,130,133,133,130,129,133,134,130,122,114,113,118,125,129,130,134,141,146,142,137,130,130,133,133,135,136,129,125,128,123,121,118,117,113,111,116,121,124,127,133,137,141,143,144,145,144,140,137,133,134,134,136,139,146,150,154,147,136,126,130,137,139,133,121,105,95,94,93,97,107,122,137,146,143,128,106,94,96,104,121,141,159,174,177,171,162,150,142,136,131,130,130,130,126,126,127,129,129,129,130,132,131,125,118,109,103,105,110,122,131,139,145,146,147,144,137,135,139,142,143,139,131,123,115,111,110,109,107,104,99,93,90,86,85,87,95,106,115,125,132,136,137,139,141,144,146,150,157,163,169,172,174,176,178,181,183,184,180,174,163,151,141,131,121,111,107,104,104,104,104,105,106,108,109,107,106,106,105,105,106,110,115,119,123,122,119,117,114,111,108,102,98,97,100,106,110,115,120,126,135,141,147,151,157,162,166,168,166,163,158,156,154,152,149,147,147,148,149,149,147,145,141,139,136,134,133,131,131,135,143,150,153,152,148,145,139,136,131,131,130,128,126,123,117,113,108,106,105,108,110,113,110,110,111,110,111,111,112,114,117,119,118,113,108,107,107,108,108,108,106,102,97,90,85,80,74,72,72,78,84,91,96,99,107,116,126,134,141,150,156,161,162,159,156,153,153,155,157,156,154,152,148,145,144,145,148,155,161,167,173,175,177,177,178,179,181,183,185,186,186,187,190,190,189,187,185,182,180,173,166,159,153,146,142,138,134,132,128,125,124,121,118,116,114,111,113,111,110,107,104,102,101,99,96,94,94,94,93,91,86,81,75,72,68,66,64,62,64,62,65,64,66,69,71,77,80,84,88,91,95,100,104,107,110,114,117,121,128,133,138,142,147,150,153,153,154,155,157,158,159,159,159,161,161,162,164,166,169,169,159
65,012,012_G36 250m Holz eigene,oben2.txt,G36,250.0,Holz,Treffer,True,oben,2.0,,145,150,149,141,134,131,124,123,121,117,113,113,118,123,124,126,126,126,126,123,121,124,128,126,129,132,137,141,147,150,155,153,148,140,128,118,116,118,124,133,144,146,134,118,106,108,120,130,134,137,139,143,136,120,108,111,127,148,163,163,153,139,128,120,113,107,107,117,134,147,150,149,144,137,131,120,108,108,120,135,147,145,134,126,121,119,121,123,128,130,129,125,122,122,130,139,149,157,158,152,139,120,103,99,103,110,114,113,112,114,113,111,111,114,118,125,129,131,134,137,141,148,155,163,166,166,160,150,141,128,115,109,107,107,111,117,120,118,119,122,125,129,130,130,130,126,121,116,113,112,114,119,127,132,136,139,142,144,145,148,150,153,154,154,152,148,147,148,153,157,159,159,153,145,138,130,123,118,116,118,123,127,128,123,119,116,110,108,107,107,110,112,110,107,99,95,97,97,101,105,106,109,115,121,125,129,130,131,131,131,131,132,132,132,131,132,135,139,141,143,148,152,154,159,163,169,175,180,181,181,178,173,169,164,163,161,158,154,146,140,131,126,121,115,114,112,109,104,97,91,87,88,86,89,89,91,93,95,94,90,87,86,85,87,92,95,99,99,101,105,108,111,113,112,114,115,116,116,115,115,118,125,132,139,143,146,147,153,158,162,162,164,167,171,170,165,161,156,154,151,149,147,147,149,152,153,154,154,152,151,152,152,155,157,159,160,158,158,157,155,152,150,149,148,145,139,135,130,124,123,119,118,116,115,114,114,116,115,114,113,111,112,111,112,110,109,108,107,107,108,109,107,105,101,99,95,95,94,92,94,96,95,100,101,104,107,112,116,123,128,130,132,134,136,136,136,136,137,136,134,134,133,131,128,124,124,123,123,124,125,129,133,139,145,148,154,158,164,167,171,173,177,180,182,183,180,175,171,164,160,154,151,148,145,143,143,141,138,135,133,132,131,130,129,128,126,126,124,122,121,120,120,120,119,120,118,118,116,112,107,105,102,102,102,102,102,103,106,108,112,115,118,121,122,123,125,126,128,129,131,135,138,140,143,144,145,146,147,147,146,144,142,140,137,135,136,136,136,136,136,136,136,135,136,134,133,131,129,128,126,129,127,128,128,129,129,129,128,126,126,123,121,119,119,117,115,114,113,114,114,114,119
66,012,012_G36 250m Holz eigene,unten1.txt,G36,250.0,Holz,Treffer,True,unten,1.0,,148,114,133,114,141,153,119,118,123,131,143,152,103,126,129,143,121,141,103,152,135,127,120,125,120,147,117,125,135,130,118,117,121,128,151,132,119,139,143,132,130,114,137,148,135,115,112,119,127,139,129,154,166,135,111,103,97,137,151,147,140,116,96,111,120,142,157,152,153,150,125,114,118,100,105,119,143,130,115,93,94,106,130,142,150,186,207,192,152,115,77,76,108,157,189,189,173,146,140,144,117,80,68,77,95,127,141,137,119,116,112,98,85,89,108,126,153,162,166,165,165,166,152,136,139,150,157,166,160,143,138,142,139,122,102,89,88,99,115,120,131,149,165,158,142,129,129,151,167,159,138,103,78,69,71,81,96,102,98,89,88,95,93,84,90,108,131,148,149,128,96,78,83,105,131,154,160,148,134,120,108,111,121,129,139,144,141,137,131,129,136,150,164,167,169,175,184,182,172,152,138,137,149,160,157,145,136,138,147,154,153,144,130,121,119,126,131,132,132,125,122,119,118,117,117,121,127,135,135,137,138,143,146,144,137,129,118,109,102,99,100,107,114,118,121,118,115,112,113,119,130,138,142,142,140,136,130,128,130,131,134,137,137,140,145,150,151,147,143,142,140,135,130,130,138,149,158,165,169,169,167,164,157,149,144,143,145,143,145,143,145,145,146,147,148,147,145,139,132,121,107,97,92,95,98,97,94,94,94,100,106,110,116,118,118,117,115,112,108,104,98,97,98,102,106,104,101,104,108,114,116,116,116,116,119,123,123,122,123,125,131,140,148,153,154,154,153,152,151,149,143,139,134,133,134,134,133,132,133,134,139,145,153,160,161,160,155,149,141,134,130,132,138,144,146,147,146,146,144,140,137,134,135,134,129,120,113,112,116,124,131,134,135,134,133,133,133,133,132,129,126,122,117,111,104,96,92,93,94,94,90,85,83,83,85,91,96,98,104,109,115,118,121,123,128,132,136,137,137,138,138,138,138,138,140,141,141,141,141,141,141,143,146,147,148,147,147,148,150,153,153,154,156,160,165,168,168,165,165,163,163,162,161,159,157,152,146,141,137,130,123,116,111,109,107,105,102,100,99,98,98,97,97,98,101,105,107,111,116,119,121,117,113,110,111,112,111,111,108,103,102,104,106,107,105,102,103,105,106,107,106,107
67,012,012_G36 250m Holz eigene,unten2.txt,G36,250.0,Holz,Treffer,True,unten,2.0,,149,148,132,120,110,126,135,149,116,131,124,112,145,137,140,106,122,130,134,141,117,118,134,150,130,108,139,144,150,107,73,92,173,180,174,143,123,110,103,130,132,126,136,119,131,143,140,135,112,88,102,145,159,159,137,82,64,65,87,133,172,195,172,168,144,141,120,134,145,174,197,187,150,106,89,102,130,137,122,117,148,165,148,127,90,81,103,139,147,156,130,100,89,89,102,115,148,170,173,164,138,89,41,37,61,127,183,182,136,81,46,57,87,132,151,179,180,162,123,97,85,105,126,165,198,212,195,147,107,95,103,131,156,176,179,159,133,115,128,138,156,166,172,169,164,161,159,149,146,137,128,111,97,97,101,113,122,123,121,127,135,134,123,110,99,96,109,127,132,127,121,112,115,127,144,157,165,154,140,134,132,136,126,117,111,115,125,134,130,120,122,134,145,137,116,107,112,127,145,148,144,132,127,127,128,123,122,124,123,120,112,115,124,130,134,139,141,138,122,107,103,111,125,138,146,154,159,157,142,123,119,134,154,168,166,155,143,138,139,145,154,164,173,176,170,161,148,140,134,135,146,156,160,144,123,103,96,96,105,111,112,105,99,92,86,83,83,89,101,110,113,105,93,84,82,88,97,96,96,99,104,106,103,94,85,83,94,110,116,113,106,105,112,120,126,131,132,133,138,143,145,138,134,136,144,157,166,167,162,157,158,161,163,167,170,168,166,165,159,151,140,130,128,135,148,155,154,146,137,130,129,127,126,127,132,137,138,130,120,111,112,118,128,129,127,122,114,109,107,102,100,100,106,113,117,114,106,100,100,107,113,116,117,118,123,128,129,127,125,123,124,127,130,127,125,121,119,119,119,119,121,124,129,134,137,133,129,124,124,129,135,142,146,146,146,146,145,148,153,160,165,168,166,164,156,151,149,149,151,152,150,148,142,139,135,133,134,137,138,138,138,137,136,137,137,137,139,140,138,136,133,132,133,135,137,135,133,128,122,117,113,108,105,102,101,99,95,93,90,89,93,100,105,108,108,107,108,112,114,117,120,121,124,127,131,135,140,143,146,146,145,143,143,142,141,143,144,143,146,146,146,145,143,144,145,147,148,147,146,143,143,142,142,141,139,138,136,135,137,137,137,137,135,137,136,136,135,135,134,132,128,137
68,013,013_G36 50m Steinschlag,ssValues145.txt,G36,50.0,,Steinschlag,False,,145.0,,157,171,154,130,126,113,110,124,133,131,138,138,143,137,137,133,125,117,117,124,124,120,107,114,124,134,144,151,147,138,147,146,147,138,130,126,132,135,133,124,120,124,132,127,115,97,101,120,122,123,124,121,126,136,139,143,142,140,132,117,107,107,115,112,113,98,101,115,119,128,140,125,119,111,126,133,133,114,106,120,137,138,147,133,115,107,104,103,99,86,75,85,104,118,128,111,113,130,155,171,156,130,116,109,98,103,110,121,150,170,164,150,134,128,132,138,146,145,154,154,155,151,153,144,140,152,156,167,172,163,139,138,137,141,139,131,122,123,126,110,96,87,106,128,146,148,142,148,153,157,161,159,161,168,166,176,171,167,171,169,174,191,194,201,197,187,182,179,159,159,137,131,127,123,129,132,127,109,102,114,119,111,93,94,98,104,91,77,80,81,99,109,113,99,72,64,74,76,79,79,67,52,63,77,89,61,45,57,82,104,100,96,79,88,99,105,107,109,117,122,128,128,130,134,137,130,135,129,128,133,131,122,102,95,105,117,134,139,137,129,133,135,141,134,134,129,141,150,147,144,140,140,150,158,161,162,170,175,175,182,186,182,165,147,147,163,183,188,173,169,179,192,195,189,168,159,161,172,171,153,128,119,127,130,128,126,129,131,135,131,127,129,132,139,139,133,129,133,137,133,122,111,102,93,89,82,83,81,88,86,88,81,82,85,89,84,83,86,94,101,102,108,112,121,130,134,141,147,160,162,157,148,146,156,166,172,172,171,175,181,176,170,164,159,158,158,153,153,154,157,164,171,173,171,165,156,148,144,140,134,123,119,117,118,118,116,120,125,133,137,136,138,138,138,140,143,143,141,142,141,136,128,123,121,120,118,117,116,116,116,120,127,135,141,145,146,141,133,126,124,121,116,112,109,114,119,121,112,103,96,88,81,68,49,38,38,37,38,38,39,40,48,64,75,80,82,86,92,102,112,122,131,138,146,155,164,167,166,165,171,177,182,184,183,184,185,191,197,199,205,209,211,212,212,210,207,204,200,197,197,195,190,182,172,162,154,148,139,127,119,114,105,96,87,84,83,84,87,88,90,94,98,96,92,89,87,92,100,105,110,115,116,119,121,119,119,121,124,131,135,137,137,141,144,141,140,138,141,145,150,154,144
69,013,013_G36 50m Steinschlag,ssValues146.txt,G36,50.0,,Steinschlag,False,,146.0,,156,150,144,141,143,139,143,151,156,153,146,140,137,135,139,137,137,144,145,144,139,141,144,151,155,157,151,146,143,142,142,142,141,144,145,140,132,125,123,126,129,128,126,129,131,134,133,130,125,122,122,123,129,133,136,136,136,135,130,121,115,118,122,126,135,144,146,140,129,117,107,102,109,123,135,142,143,138,129,120,114,108,104,102,105,109,113,115,120,124,125,121,117,115,111,110,110,112,118,128,134,137,134,134,134,134,132,130,130,132,132,129,125,123,119,118,117,120,124,131,136,142,149,154,155,150,143,138,133,126,114,100,91,93,97,99,103,108,114,121,125,127,131,139,148,153,154,153,151,150,150,149,149,148,146,147,147,140,131,120,112,111,115,116,116,114,113,118,124,126,125,126,127,129,127,127,127,125,121,122,117,119,126,122,119,121,123,137,147,152,158,164,161,160,157,158,159,167,170,178,177,173,166,161,146,141,142,143,150,145,137,127,121,116,114,103,90,76,68,68,70,63,58,60,71,84,98,98,91,90,90,97,99,98,90,88,91,92,88,84,80,74,83,89,93,89,86,85,92,97,108,121,124,129,134,139,139,145,144,145,145,154,158,155,149,146,156,173,191,195,195,195,200,208,216,221,231,239,235,216,201,195,196,201,201,200,199,207,215,217,209,200,199,207,213,209,199,197,197,204,209,213,213,213,212,211,212,208,197,185,172,156,140,124,110,100,88,80,71,58,41,37,37,36,36,36,36,36,35,36,36,36,36,36,34,35,36,36,36,34,34,34,34,35,36,37,37,39,44,54,64,71,86,104,121,141,157,169,181,197,213,232,244,245,245,245,245,244,244,245,245,245,245,245,246,246,246,244,245,244,244,244,245,245,245,223,206,189,175,164,150,136,120,106,96,88,81,72,61,53,43,40,38,38,38,38,38,38,38,37,38,38,39,41,45,53,61,68,70,71,72,72,74,79,84,88,93,102,110,119,129,138,148,157,164,171,181,190,201,207,216,220,226,231,238,243,245,246,246,246,246,246,245,245,245,245,245,245,245,245,238,233,227,223,222,219,215,211,205,200,192,183,175,166,159,156,151,146,137,129,120,112,105,99,92,87,79,73,64,56,49,43,40,38,39,39,39,38,38,38,37,37,37,37,37,37,38,37,37,38,39,37
70,013,013_G36 50m Steinschlag,ssValues147.txt,G36,50.0,,Steinschlag,False,,147.0,,171,117,149,111,126,136,133,116,88,102,98,179,222,175,159,126,80,60,87,159,176,156,149,166,93,85,45,83,39,115,126,209,182,161,72,68,88,106,128,172,144,196,170,109,82,86,141,177,183,167,167,168,147,143,138,195,135,85,43,78,133,206,159,139,137,175,158,131,64,85,112,122,139,122,166,172,187,131,119,101,116,161,168,156,140,139,140,111,95,66,87,101,130,152,168,150,142,110,100,98,106,143,135,135,114,111,106,121,125,134,150,172,167,135,110,108,120,140,138,127,122,123,135,134,116,87,92,130,152,169,146,134,130,148,158,159,167,144,137,122,141,151,162,151,144,134,133,143,133,116,100,109,137,174,182,165,142,116,107,106,104,117,135,162,171,177,160,137,102,98,99,116,123,121,108,103,97,88,83,77,83,95,113,120,120,114,108,99,85,86,89,103,115,124,126,124,117,106,98,103,120,134,138,126,112,98,93,92,88,85,97,112,131,138,131,121,115,111,118,133,155,169,168,158,151,146,143,147,147,154,170,181,184,175,159,145,141,144,143,153,160,170,175,170,160,149,148,148,156,160,160,157,154,152,149,147,142,134,125,118,122,121,121,117,116,115,114,112,103,94,84,81,86,98,102,102,93,82,80,90,105,111,113,107,104,101,101,100,100,101,105,114,121,121,116,108,103,106,116,128,135,138,134,135,137,137,140,144,147,152,156,158,159,156,156,157,158,159,158,153,146,144,146,155,162,164,164,164,163,157,149,143,142,146,149,148,143,140,141,143,147,149,149,149,144,136,129,126,126,128,130,133,135,137,136,133,127,120,115,115,117,117,115,112,107,105,104,105,106,108,108,107,107,107,104,99,96,92,93,92,94,98,101,107,109,109,108,108,111,119,124,125,126,127,130,133,136,135,134,133,135,141,147,149,148,146,147,149,151,153,151,153,154,157,158,158,155,152,151,153,153,152,150,149,147,145,142,140,138,137,137,137,134,129,122,115,112,111,116,120,123,123,119,115,110,109,110,111,113,114,116,117,115,109,104,101,104,109,116,115,115,114,114,114,115,114,114,118,125,129,128,128,130,135,143,146,145,142,139,138,139,140,140,137,134,135,137,137,135,132,126,123,123,125,129,132,135,137,138,140,143,144,140,140,140,140,144,146,149,152,152,140
71,013,013_G36 50m Steinschlag,ssValues148.txt,G36,50.0,,Steinschlag,False,,148.0,,182,107,153,130,113,135,106,116,130,158,85,171,136,115,160,113,88,125,105,224,173,121,47,110,165,135,137,138,50,125,76,75,63,149,175,232,183,123,71,119,145,182,134,104,204,197,243,151,88,108,136,163,148,136,87,75,45,68,98,63,102,101,103,89,107,119,103,105,116,184,199,239,214,185,168,194,187,176,146,115,148,153,194,176,180,162,160,153,157,165,164,160,142,128,104,120,99,53,54,106,110,123,70,45,39,76,139,166,146,117,90,110,74,39,86,103,135,152,123,134,113,98,89,90,124,131,137,145,119,138,124,153,143,157,187,183,173,167,157,163,199,188,178,174,158,187,190,245,221,242,225,235,197,174,151,139,134,156,187,183,190,153,146,129,130,141,152,152,175,150,128,108,112,109,124,129,127,150,173,182,155,124,120,142,167,160,129,118,117,137,148,168,166,160,136,141,134,139,127,108,71,60,57,70,84,100,107,88,42,37,37,39,90,120,131,121,96,51,39,38,38,40,48,63,72,62,74,73,65,51,39,39,52,84,83,79,58,55,58,71,75,96,110,124,125,137,141,161,166,160,130,127,137,149,163,168,163,148,134,133,136,159,181,203,210,215,202,200,176,176,172,171,158,154,142,139,144,134,131,126,142,172,181,182,170,157,142,127,114,124,141,146,138,111,94,88,100,104,122,150,170,169,142,129,118,129,129,126,128,134,147,144,134,115,113,124,139,143,149,141,123,119,144,165,180,186,202,208,217,206,199,167,151,152,165,168,147,141,138,156,175,189,173,155,143,153,149,145,142,149,160,166,171,168,162,151,141,133,142,154,155,137,117,105,98,93,85,92,104,122,129,115,88,64,67,79,85,87,93,94,91,97,106,114,123,129,128,129,132,136,127,109,100,106,118,112,109,104,101,111,113,106,109,121,131,133,131,134,139,144,145,151,159,164,153,146,142,148,146,134,116,109,113,121,119,111,103,108,107,109,105,98,93,97,108,122,128,133,140,148,152,151,143,132,124,128,130,133,131,133,135,139,147,144,135,124,114,105,102,105,105,102,98,93,91,86,96,106,125,137,142,142,139,138,139,146,142,143,147,147,150,148,142,127,123,123,124,127,121,112,115,126,122,117,103,105,108,111,112,116,121,143,160,169,171,162,155,155,153,140,129,169
72,loose,(root),beim Auffahren mit Scheibe.txt,,,,Auffahren,False,,,mit Scheibe,153,152,152,152,152,152,151,152,150,151,151,150,149,148,147,146,146,145,144,142,142,141,139,137,136,134,134,133,131,129,127,128,124,124,123,122,120,119,119,119,118,117,116,115,114,113,112,112,112,111,113,112,112,113,114,115,116,117,117,118,120,121,122,124,126,128,128,129,130,130,132,133,135,136,136,137,138,139,140,141,142,143,144,143,145,144,145,146,146,147,148,149,149,149,149,149,149,148,148,147,146,144,144,143,144,141,141,140,139,138,136,135,134,132,132,131,129,128,126,126,124,123,122,121,120,120,119,119,118,117,117,116,115,114,113,113,112,111,113,111,113,111,113,111,112,112,112,112,113,114,115,115,116,118,119,120,118,121,121,122,123,124,125,126,127,129,129,129,130,130,131,131,132,132,133,133,133,134,134,134,134,134,134,134,133,133,133,132,132,131,131,130,129,129,128,127,129,127,127,127,127,126,125,125,124,122,123,123,123,123,123,123,123,124,124,125,125,126,127,128,127,129,129,130,131,132,133,134,135,137,136,136,137,139,140,141,142,144,143,145,145,145,146,146,147,146,146,147,148,148,148,148,148,148,150,150,150,150,149,149,149,148,147,147,147,147,147,147,146,146,145,145,144,143,144,143,143,143,143,142,141,140,139,138,137,136,135,136,133,134,133,132,132,132,132,131,131,131,131,130,130,131,131,132,132,133,134,135,135,136,137,137,138,139,141,142,143,144,143,146,146,147,148,149,151,152,151,154,154,155,156,157,158,160,159,161,160,160,160,160,160,160,159,161,159,158,159,158,157,156,155,154,152,151,151,149,147,146,144,142,142,140,138,135,136,133,131,131,129,128,126,125,125,123,122,121,120,119,120,118,118,119,118,116,116,117,117,117,116,117,116,118,118,119,120,119,121,121,121,122,123,125,126,127,129,128,129,130,131,133,135,136,136,136,137,138,139,140,141,142,142,142,142,143,143,143,143,143,143,143,142,141,140,139,139,137,136,135,135,134,133,132,131,130,128,127,127,126,125,124,122,122,121,120,119,118,118,117,117,117,116,116,115,116,116,116,116,116,116,116,116,116,116,117,118,119,120,119,122,122,123,125,125,126,127,128,128,129,130,132,133,134,135,136,135,137,137,138,139,140,141,141,142,144,142,144,143,146,145,144,144,144
73,loose,(root),beim Auffahren.txt,,,,Auffahren,False,,,,153,152,154,154,154,154,152,150,151,151,151,151,151,151,151,152,150,150,149,148,147,146,144,142,143,144,143,145,143,143,143,143,143,142,142,141,140,140,140,140,141,142,143,144,143,144,143,144,143,145,145,146,147,148,149,149,149,150,151,152,151,152,151,153,152,152,152,153,153,153,153,153,153,153,153,153,154,154,154,154,154,153,153,152,152,152,152,152,152,152,152,152,151,151,151,150,149,148,146,146,145,144,143,144,140,140,139,138,136,134,134,134,133,132,131,129,128,126,126,125,123,122,120,120,119,120,118,118,118,117,116,115,115,114,112,112,112,112,113,114,115,116,116,117,117,118,118,119,120,120,120,121,123,124,125,126,128,127,129,128,129,131,132,133,134,136,135,137,137,137,137,138,138,139,139,139,139,138,137,137,136,136,135,135,135,134,133,132,131,130,129,128,127,127,125,122,121,119,120,117,117,116,115,113,112,110,110,109,107,106,105,105,104,104,104,103,105,104,103,105,104,103,105,105,105,106,106,107,108,109,110,111,113,113,113,114,115,116,117,118,119,120,119,120,120,121,122,123,124,125,126,127,128,127,129,128,128,129,129,129,130,130,130,130,130,130,130,129,129,129,128,128,128,128,127,128,126,127,126,126,126,125,125,124,123,123,123,123,123,123,123,123,123,123,123,123,123,123,124,124,124,124,123,124,125,126,126,127,127,128,125,128,128,127,129,130,131,132,133,132,134,135,136,135,137,136,136,136,137,138,139,140,141,142,144,143,145,144,144,145,146,146,146,146,147,148,149,150,150,150,151,151,151,150,150,150,150,150,150,149,149,149,148,147,147,146,145,145,145,144,144,143,144,141,142,142,141,141,139,139,140,139,138,138,136,135,136,135,135,134,134,133,133,133,132,132,131,131,130,130,129,129,128,128,128,128,128,128,128,129,129,128,129,129,129,128,128,128,130,130,130,131,131,131,132,132,133,132,133,134,134,135,135,135,135,136,134,135,136,134,135,135,135,134,134,134,133,132,131,130,129,128,127,127,126,124,123,122,121,120,119,120,119,119,118,117,116,115,115,114,114,114,114,113,114,114,114,114,114,114,115,116,116,116,117,119,120,119,121,121,120,121,123,123,124,125,124,125,126,127,128,127,128,127,129,129,129,130,131,132,133,127
74,loose,(root),beim Auffahren2.txt,,,,Auffahren,False,,,,153,153,154,155,155,157,158,158,159,159,159,160,158,159,159,159,158,158,158,156,154,155,154,153,152,151,152,150,150,149,147,147,145,144,142,142,140,138,137,136,136,137,137,139,137,135,132,131,129,126,124,122,121,121,120,119,121,122,122,122,120,117,116,116,116,116,115,114,114,116,117,117,116,115,113,113,112,110,110,110,110,111,112,110,111,111,111,111,111,111,111,111,112,111,112,111,112,111,113,113,113,113,112,112,113,114,116,116,116,116,115,115,114,113,114,114,115,116,117,117,117,116,116,116,115,114,115,115,116,118,119,119,119,119,119,119,118,117,117,118,119,120,119,120,120,119,122,121,120,119,121,120,121,121,122,124,125,126,126,127,127,127,127,128,127,128,127,129,128,128,128,128,129,129,129,129,129,130,130,131,131,132,133,135,135,136,135,137,136,136,137,137,138,138,139,140,140,140,140,140,140,140,140,141,141,140,138,138,137,137,137,137,137,137,137,136,136,136,135,137,135,137,135,136,134,134,134,134,134,134,134,134,134,134,133,133,133,133,133,133,133,132,132,132,132,132,132,132,132,132,131,131,131,132,131,132,132,132,132,132,133,132,133,132,133,133,133,133,131,132,132,132,132,132,132,132,132,132,132,131,131,131,131,131,131,131,131,132,132,132,132,132,133,133,133,133,133,132,132,131,131,132,131,131,131,131,131,131,131,132,132,132,132,132,132,132,132,132,133,132,132,133,134,134,134,135,135,136,134,136,135,137,136,135,137,135,137,136,136,136,136,136,137,138,138,139,139,140,141,141,141,140,140,141,141,141,141,141,141,141,142,142,142,143,143,143,143,144,143,144,143,144,143,145,143,145,143,144,143,145,143,144,143,144,143,144,141,142,142,142,142,141,141,140,140,139,139,138,138,138,138,137,136,136,135,137,135,136,134,135,135,134,134,134,133,133,133,132,132,131,131,130,129,128,127,128,128,127,129,127,127,128,125,127,127,127,127,127,127,127,127,127,126,126,126,125,124,124,124,125,125,125,124,124,123,123,124,124,124,124,124,125,125,125,126,126,126,127,125,125,127,126,127,126,126,126,125,126,126,126,126,125,126,125,125,124,125,125,125,125,125,125,125,125,125,125,124,124,124,124,124,124,124,125,125,125,125,125,125,125,124,125
